START,END,date,lat,lon,Observer,dawn,sunrise
2018-01-20T02:00:00Z,2018-01-20T04:00:00Z,2018-01-20,20.49,12.35,FOA,2018-01-20T04:59:52Z,2018-01-20T05:50:22Z
2018-01-21T02:00:00Z,2018-01-21T04:00:00Z,2018-01-21,20.51,12.35,FOA,2018-01-21T04:59:53Z,2018-01-21T05:50:19Z
2018-01-22T01:15:00Z,2018-01-22T03:15:00Z,2018-01-22,20.58,12.44,FOA,2018-01-22T04:59:36Z,2018-01-22T05:49:59Z
2018-01-23T01:20:00Z,2018-01-23T03:20:00Z,2018-01-23,21.02,12.46,FOA,2018-01-23T05:00:02Z,2018-01-23T05:50:30Z
2018-01-24T01:25:00Z,2018-01-24T03:25:00Z,2018-01-24,20.52,12.41,FOA,2018-01-24T04:59:32Z,2018-01-24T05:49:45Z
2018-01-25T01:40:00Z,2018-01-25T03:40:00Z,2018-01-25,21.05,12.47,FOA,2018-01-25T04:59:52Z,2018-01-25T05:50:11Z
2018-01-26T01:40:00Z,2018-01-26T03:40:00Z,2018-01-26,21.09,12.47,FOA,2018-01-26T04:59:48Z,2018-01-26T05:50:03Z
2018-01-24T01:50:00Z,2018-01-24T03:50:00Z,2018-01-24,23.22,13.19,FOA,2018-01-24T04:59:47Z,2018-01-24T05:50:58Z
2018-01-25T01:45:00Z,2018-01-25T03:45:00Z,2018-01-25,23.18,13.21,FOA,2018-01-25T04:59:31Z,2018-01-25T05:50:37Z
2018-01-26T01:55:00Z,2018-01-26T03:55:00Z,2018-01-26,23.04,13.23,FOA,2018-01-26T04:59:06Z,2018-01-26T05:50:04Z
2018-01-27T02:00:00Z,2018-01-27T04:00:00Z,2018-01-27,23.09,13.22,FOA,2018-01-27T04:59:01Z,2018-01-27T05:49:56Z
2018-01-28T03:10:00Z,2018-01-28T05:10:00Z,2018-01-28,23.39,13.17,FOA,2018-01-28T04:59:22Z,2018-01-28T05:50:19Z
2018-01-29T02:30:00Z,2018-01-29T04:30:00Z,2018-01-29,23.51,13.16,FOA,2018-01-29T04:59:18Z,2018-01-29T05:50:13Z
2018-01-20T02:15:00Z,2018-01-20T04:15:00Z,2018-01-20,21.43,12.47,FOA,2018-01-20T05:00:38Z,2018-01-20T05:51:27Z
2018-01-21T01:40:00Z,2018-01-21T03:40:00Z,2018-01-21,21.58,12.46,FOA,2018-01-21T05:00:51Z,2018-01-21T05:51:39Z
2018-01-22T01:50:00Z,2018-01-22T03:50:00Z,2018-01-22,22.16,12.56,FOA,2018-01-22T05:01:09Z,2018-01-22T05:52:06Z
2018-01-23T01:45:00Z,2018-01-23T03:45:00Z,2018-01-23,22.21,12.56,FOA,2018-01-23T05:01:08Z,2018-01-23T05:52:01Z
2018-01-24T03:35:00Z,2018-01-24T05:35:00Z,2018-01-24,23.05,13.16,FOA,2018-01-24T04:59:41Z,2018-01-24T05:50:49Z
2018-02-02T01:35:00Z,2018-02-02T03:35:00Z,2018-02-02,23.32,13.16,FOA,2018-02-02T04:57:57Z,2018-02-02T05:48:29Z
2018-02-03T01:50:00Z,2018-02-03T03:50:00Z,2018-02-03,22.55,13.15,FOA,2018-02-03T04:56:53Z,2018-02-03T05:47:02Z
2018-02-04T01:52:00Z,2018-02-04T03:52:00Z,2018-02-04,22.57,13.15,FOA,2018-02-04T04:56:34Z,2018-02-04T05:46:39Z
2018-02-05T02:20:00Z,2018-02-05T04:20:00Z,2018-02-05,22.59,13.12,FOA,2018-02-05T04:56:20Z,2018-02-05T05:46:22Z
2018-02-06T02:25:00Z,2018-02-06T04:25:00Z,2018-02-06,23.04,13.09,FOA,2018-02-06T04:56:30Z,2018-02-06T05:46:36Z
2018-02-07T03:05:00Z,2018-02-07T05:05:00Z,2018-02-07,22.5,13.16,FOA,2018-02-07T04:55:19Z,2018-02-07T05:45:09Z
2018-01-27T02:00:00Z,2018-01-27T04:00:00Z,2018-01-27,23.52,13.16,FOA,2018-01-27T04:59:46Z,2018-01-27T05:50:51Z
2018-01-28T02:10:00Z,2018-01-28T04:10:00Z,2018-01-28,23.55,13.16,FOA,2018-01-28T04:59:35Z,2018-01-28T05:50:36Z
2018-01-30T02:05:00Z,2018-01-30T04:05:00Z,2018-01-30,23.24,13.16,FOA,2018-01-30T04:58:45Z,2018-01-30T05:49:29Z
2018-01-31T02:05:00Z,2018-01-31T04:05:00Z,2018-01-31,23.18,13.19,FOA,2018-01-31T04:58:18Z,2018-01-31T05:48:55Z
2017-11-07T04:00:00Z,2017-11-07T06:00:00Z,2017-11-07,21.54,12.47,FOA,2017-11-07T04:28:09Z,2017-11-07T05:17:54Z
2017-11-08T03:00:00Z,2017-11-08T05:00:00Z,2017-11-08,21.48,12.47,FOA,2017-11-08T04:28:36Z,2017-11-08T05:18:24Z
2017-09-18T02:40:00Z,2017-09-18T04:40:00Z,2017-09-18,21.16,12.45,FOA,2017-09-18T04:11:16Z,2017-09-18T04:59:20Z
2017-09-19T02:35:00Z,2017-09-19T04:35:00Z,2017-09-19,21.1,12.44,FOA,2017-09-19T04:11:36Z,2017-09-19T04:59:37Z
2017-09-20T02:35:00Z,2017-09-20T04:35:00Z,2017-09-20,21.23,12.44,FOA,2017-09-20T04:11:48Z,2017-09-20T04:59:50Z
2017-09-21T04:00:00Z,2017-09-21T06:00:00Z,2017-09-21,22.03,12.51,FOA,2017-09-21T04:11:26Z,2017-09-21T04:59:43Z
2017-09-22T02:55:00Z,2017-09-22T04:55:00Z,2017-09-22,22.49,13,FOA,2017-09-22T04:09:35Z,2017-09-22T04:58:00Z
2017-09-23T03:25:00Z,2017-09-23T05:25:00Z,2017-09-23,23.18,13.2,FOA,2017-09-23T04:08:49Z,2017-09-23T04:57:28Z
2017-08-16T05:30:00Z,2017-08-16T07:30:00Z,2017-08-16,24.25,13.42,FOA,2017-08-16T03:51:26Z,2017-08-16T04:43:02Z
2017-08-17T02:37:00Z,2017-08-17T04:37:00Z,2017-08-17,24.34,13.45,FOA,2017-08-17T03:51:41Z,2017-08-17T04:43:13Z
2017-08-18T02:50:00Z,2017-08-18T04:50:00Z,2017-08-18,24.43,13.45,FOA,2017-08-18T03:52:03Z,2017-08-18T04:43:32Z
2017-08-19T02:40:00Z,2017-08-19T04:40:00Z,2017-08-19,25.16,13.41,FOA,2017-08-19T03:51:33Z,2017-08-19T04:43:17Z
2017-08-20T04:10:00Z,2017-08-20T06:10:00Z,2017-08-20,23.52,13.17,FOA,2017-08-20T03:55:37Z,2017-08-20T04:46:28Z
2017-08-21T02:30:00Z,2017-08-21T04:30:00Z,2017-08-21,23.41,13.17,FOA,2017-08-21T03:56:15Z,2017-08-21T04:46:58Z
2017-09-19T03:20:00Z,2017-09-19T05:20:00Z,2017-09-19,24.19,13.37,FOA,2017-09-19T04:06:19Z,2017-09-19T04:55:27Z
2017-09-20T03:20:00Z,2017-09-20T05:20:00Z,2017-09-20,24.33,13.43,FOA,2017-09-20T04:06:21Z,2017-09-20T04:55:31Z
2017-09-21T03:00:00Z,2017-09-21T05:00:00Z,2017-09-21,24.27,13.42,FOA,2017-09-21T04:06:47Z,2017-09-21T04:55:54Z
2017-09-22T03:10:00Z,2017-09-22T05:10:00Z,2017-09-22,24.27,13.42,FOA,2017-09-22T04:07:09Z,2017-09-22T04:56:14Z
2017-09-22T02:35:00Z,2017-09-22T04:35:00Z,2017-09-22,24.2,13.38,FOA,2017-09-22T04:07:20Z,2017-09-22T04:56:24Z
2017-09-23T02:50:00Z,2017-09-23T04:50:00Z,2017-09-23,24.29,13.44,FOA,2017-09-23T04:07:25Z,2017-09-23T04:56:30Z
2017-09-24T02:50:00Z,2017-09-24T04:50:00Z,2017-09-24,24.42,13.45,FOA,2017-09-24T04:07:41Z,2017-09-24T04:56:48Z
2017-09-25T05:00:00Z,2017-09-25T07:00:00Z,2017-09-25,24.51,13.43,FOA,2017-09-25T04:08:05Z,2017-09-25T04:57:14Z
2017-09-01T03:30:00Z,2017-09-01T05:30:00Z,2017-09-01,23.19,13.16,FOA,2017-09-01T04:01:20Z,2017-09-01T04:51:00Z
2017-09-02T03:45:00Z,2017-09-02T05:45:00Z,2017-09-02,23.09,13.17,FOA,2017-09-02T04:01:47Z,2017-09-02T04:51:21Z
2017-12-27T01:57:00Z,2017-12-27T03:57:00Z,2017-12-27,21.27,12.46,FOA,2017-12-27T04:55:12Z,2017-12-27T05:47:08Z
2017-12-28T01:50:00Z,2017-12-28T03:50:00Z,2017-12-28,21.22,12.46,FOA,2017-12-28T04:55:31Z,2017-12-28T05:47:25Z
2017-12-29T01:58:00Z,2017-12-29T03:58:00Z,2017-12-29,21.09,12.46,FOA,2017-12-29T04:55:42Z,2017-12-29T05:47:32Z
2017-12-30T03:11:00Z,2017-12-30T05:11:00Z,2017-12-30,22.03,12.57,FOA,2017-12-30T04:57:09Z,2017-12-30T05:49:19Z
2017-12-23T02:00:00Z,2017-12-23T04:00:00Z,2017-12-23,22.17,12.54,FOA,2017-12-23T04:54:34Z,2017-12-23T05:46:54Z
2017-12-24T02:00:00Z,2017-12-24T04:00:00Z,2017-12-24,22.02,12.56,FOA,2017-12-24T04:54:42Z,2017-12-24T05:46:58Z
2017-12-25T03:15:00Z,2017-12-25T05:15:00Z,2017-12-25,22.22,12.53,FOA,2017-12-25T04:55:36Z,2017-12-25T05:47:55Z
2017-12-26T02:45:00Z,2017-12-26T04:45:00Z,2017-12-26,22.08,12.55,FOA,2017-12-26T04:55:43Z,2017-12-26T05:47:59Z
2017-12-27T02:00:00Z,2017-12-27T04:00:00Z,2017-12-27,21.2,12.5,FOA,2017-12-27T04:54:55Z,2017-12-27T05:46:50Z
2017-12-18T02:24:00Z,2017-12-18T04:24:00Z,2017-12-18,21.23,12.43,FOA,2017-12-18T04:51:02Z,2017-12-18T05:42:59Z
2017-12-19T02:00:00Z,2017-12-19T04:00:00Z,2017-12-19,21.19,12.44,FOA,2017-12-19T04:51:26Z,2017-12-19T05:43:23Z
2017-12-20T02:10:00Z,2017-12-20T04:10:00Z,2017-12-20,21.13,12.44,FOA,2017-12-20T04:51:50Z,2017-12-20T05:43:46Z
2017-12-21T02:00:00Z,2017-12-21T04:00:00Z,2017-12-21,21.09,12.43,FOA,2017-12-21T04:52:18Z,2017-12-21T05:44:13Z
2017-12-30T02:00:00Z,2017-12-30T04:00:00Z,2017-12-30,0.906944444444444,12.44,FOA,2017-12-30T04:23:14Z,2017-12-30T05:11:51Z
2017-12-31T02:00:00Z,2017-12-31T04:00:00Z,2017-12-31,21.01,12.44,FOA,2017-12-31T04:56:25Z,2017-12-31T05:48:09Z
2018-01-01T02:00:00Z,2018-01-01T04:00:00Z,2018-01-01,21.05,12.44,FOA,2018-01-01T04:56:50Z,2018-01-01T05:48:33Z
2018-01-02T02:00:00Z,2018-01-02T04:00:00Z,2018-01-02,21.1,0.530555555555556,FOA,2018-01-02T05:44:53Z,2018-01-02T06:36:36Z
2018-01-03T02:00:00Z,2018-01-03T04:00:00Z,2018-01-03,20.53,12.31,FOA,2018-01-03T04:57:11Z,2018-01-03T05:48:40Z
2018-01-04T02:00:00Z,2018-01-04T04:00:00Z,2018-01-04,20.48,12.29,FOA,2018-01-04T04:57:30Z,2018-01-04T05:48:55Z
2018-01-05T02:00:00Z,2018-01-05T04:00:00Z,2018-01-05,20.42,12.22,FOA,2018-01-05T04:57:59Z,2018-01-05T05:49:21Z
2018-01-06T02:00:00Z,2018-01-06T04:00:00Z,2018-01-06,20.41,12.33,FOA,2018-01-06T04:57:49Z,2018-01-06T05:49:07Z
2018-01-04T01:55:00Z,2018-01-04T03:55:00Z,2018-01-04,23.43,13.16,FOA,2018-01-04T04:58:38Z,2018-01-04T05:51:11Z
2018-01-05T01:45:00Z,2018-01-05T03:45:00Z,2018-01-05,23.37,13.14,FOA,2018-01-05T04:58:53Z,2018-01-05T05:51:22Z
2018-01-06T01:50:00Z,2018-01-06T03:50:00Z,2018-01-06,23.45,13.13,FOA,2018-01-06T04:59:18Z,2018-01-06T05:51:46Z
2018-01-07T01:45:00Z,2018-01-07T03:45:00Z,2018-01-07,23.28,13.17,FOA,2018-01-07T04:59:06Z,2018-01-07T05:51:27Z
2018-01-08T01:43:00Z,2018-01-08T03:43:00Z,2018-01-08,23.22,13.17,FOA,2018-01-08T04:59:13Z,2018-01-08T05:51:30Z
2018-01-09T02:40:00Z,2018-01-09T04:40:00Z,2018-01-09,22.59,13.17,FOA,2018-01-09T04:58:28Z,2018-01-09T05:50:26Z
2017-12-21T02:45:00Z,2017-12-21T04:45:00Z,2017-12-21,21.02,12.42,FOA,2017-12-21T04:52:14Z,2017-12-21T05:44:07Z
2017-12-22T01:45:00Z,2017-12-22T03:45:00Z,2017-12-22,20.57,12.39,FOA,2017-12-22T04:52:06Z,2017-12-22T05:43:50Z
2017-12-23T02:10:00Z,2017-12-23T04:10:00Z,2017-12-23,20.59,12.4,FOA,2017-12-23T04:52:34Z,2017-12-23T05:44:18Z
2017-12-24T02:10:00Z,2017-12-24T04:10:00Z,2017-12-24,20.52,12.36,FOA,2017-12-24T04:53:04Z,2017-12-24T05:44:47Z
2017-12-10T01:00:00Z,2017-12-10T03:00:00Z,2017-12-10,22.04,13,FOA,2017-12-10T04:45:39Z,2017-12-10T05:37:43Z
2017-12-11T01:40:00Z,2017-12-11T03:40:00Z,2017-12-11,21.59,13.01,FOA,2017-12-11T04:45:29Z,2017-12-11T05:37:24Z
2017-12-12T01:40:00Z,2017-12-12T03:40:00Z,2017-12-12,21.39,12.53,FOA,2017-12-12T04:47:39Z,2017-12-12T05:39:32Z
2017-12-13T01:44:00Z,2017-12-13T03:44:00Z,2017-12-13,21.05,12.42,FOA,2017-12-13T04:48:06Z,2017-12-13T05:39:53Z
2017-12-14T01:40:00Z,2017-12-14T03:40:00Z,2017-12-14,21.05,12.41,FOA,2017-12-14T04:48:41Z,2017-12-14T05:40:30Z
2017-12-15T01:45:00Z,2017-12-15T03:45:00Z,2017-12-15,21.08,12.41,FOA,2017-12-15T04:49:17Z,2017-12-15T05:41:08Z
2017-12-16T01:00:00Z,2017-12-16T03:00:00Z,2017-12-16,21.45,12.45,FOA,2017-12-16T04:50:15Z,2017-12-16T05:42:15Z
2017-12-17T01:00:00Z,2017-12-17T03:00:00Z,2017-12-17,22.01,12.57,FOA,2017-12-17T04:51:12Z,2017-12-17T05:43:26Z
2018-01-03T01:00:00Z,2018-01-03T03:00:00Z,2018-01-03,23.01,13.24,FOA,2018-01-03T04:57:22Z,2018-01-03T05:49:47Z
2018-01-04T02:00:00Z,2018-01-04T04:00:00Z,2018-01-04,23.03,13.25,FOA,2018-01-04T04:57:38Z,2018-01-04T05:50:02Z
2018-01-05T02:10:00Z,2018-01-05T04:10:00Z,2018-01-05,22.51,13.25,FOA,2018-01-05T04:57:06Z,2018-01-05T05:49:14Z
2018-01-06T02:15:00Z,2018-01-06T04:15:00Z,2018-01-06,22.43,13.2,FOA,2018-01-06T04:57:26Z,2018-01-06T05:49:29Z
2018-01-07T02:15:00Z,2018-01-07T04:15:00Z,2018-01-07,23.21,13.17,FOA,2018-01-07T04:59:00Z,2018-01-07T05:51:19Z
2017-12-16T02:05:00Z,2017-12-16T04:05:00Z,2017-12-16,21.26,12.42,FOA,2017-12-16T04:50:04Z,2017-12-16T05:42:00Z
2017-12-17T02:00:00Z,2017-12-17T04:00:00Z,2017-12-17,21.29,12.4,FOA,2017-12-17T04:50:43Z,2017-12-17T05:42:41Z
2017-12-18T02:10:00Z,2017-12-18T04:10:00Z,2017-12-18,21.25,12.41,FOA,2017-12-18T04:51:08Z,2017-12-18T05:43:06Z
2017-12-19T02:00:00Z,2017-12-19T04:00:00Z,2017-12-19,21.1,12.45,FOA,2017-12-19T04:51:15Z,2017-12-19T05:43:10Z
2017-12-20T01:10:00Z,2017-12-20T03:10:00Z,2017-12-20,21.04,12.45,FOA,2017-12-20T04:51:39Z,2017-12-20T05:43:33Z
2017-11-30T02:05:00Z,2017-11-30T04:05:00Z,2017-11-30,24.48,13.43,FOA,2017-11-30T04:41:34Z,2017-11-30T05:34:08Z
2017-12-01T02:00:00Z,2017-12-01T04:00:00Z,2017-12-01,25.22,13.43,FOA,2017-12-01T04:43:18Z,2017-12-01T05:36:17Z
2017-12-02T01:30:00Z,2017-12-02T03:30:00Z,2017-12-02,25,13.41,FOA,2017-12-02T04:43:42Z,2017-12-02T05:36:38Z
2017-12-03T02:00:00Z,2017-12-03T04:00:00Z,2017-12-03,24.51,13.43,FOA,2017-12-03T04:43:31Z,2017-12-03T05:36:17Z
2017-12-04T02:05:00Z,2017-12-04T04:05:00Z,2017-12-04,25.04,13.41,FOA,2017-12-04T04:45:03Z,2017-12-04T05:38:07Z
2017-11-28T04:20:00Z,2017-11-28T06:20:00Z,2017-11-28,21.38,12.43,FOA,2017-11-28T04:39:50Z,2017-11-28T05:31:03Z
2017-11-29T02:20:00Z,2017-11-29T04:20:00Z,2017-11-29,21.43,12.46,FOA,2017-11-29T04:40:23Z,2017-11-29T05:31:40Z
2017-11-30T01:45:00Z,2017-11-30T03:45:00Z,2017-11-30,21.22,21.41,FOA,2017-11-30T04:04:51Z,2017-11-30T04:56:08Z
2017-12-01T02:40:00Z,2017-12-01T04:40:00Z,2017-12-01,21.28,12.41,FOA,2017-12-01T04:41:33Z,2017-12-01T05:32:54Z
2017-12-02T01:40:00Z,2017-12-02T03:40:00Z,2017-12-02,21.25,12.4,FOA,2017-12-02T04:42:08Z,2017-12-02T05:33:32Z
2017-12-03T01:30:00Z,2017-12-03T03:30:00Z,2017-12-03,21.3,12.4,FOA,2017-12-03T04:42:48Z,2017-12-03T05:34:17Z
2017-11-11T02:10:00Z,2017-11-11T04:10:00Z,2017-11-11,23.06,13.1,FOA,2017-11-11T04:29:21Z,2017-11-11T05:19:57Z
2017-11-12T01:55:00Z,2017-11-12T03:55:00Z,2017-11-12,22.4,12.55,FOA,2017-11-12T04:31:23Z,2017-11-12T05:21:48Z
2017-11-13T02:10:00Z,2017-11-13T04:10:00Z,2017-11-13,22.21,12.54,FOA,2017-11-13T04:31:46Z,2017-11-13T05:22:12Z
2017-11-14T03:17:00Z,2017-11-14T05:17:00Z,2017-11-14,22.52,13.01,FOA,2017-11-14T04:30:48Z,2017-11-14T05:21:25Z
2017-11-15T03:00:00Z,2017-11-15T05:00:00Z,2017-11-15,23.02,13.07,FOA,2017-11-15T04:31:43Z,2017-11-15T05:22:37Z
2017-11-16T02:25:00Z,2017-11-16T04:25:00Z,2017-11-16,23,13.23,FOA,2017-11-16T04:31:38Z,2017-11-16T05:22:36Z
2017-11-19T02:15:00Z,2017-11-19T04:15:00Z,2017-11-19,21.2,12.41,FOA,2017-11-19T04:34:26Z,2017-11-19T05:24:57Z
2017-11-20T02:30:00Z,2017-11-20T04:30:00Z,2017-11-20,21.19,12.41,FOA,2017-11-20T04:34:59Z,2017-11-20T05:25:35Z
2017-11-21T02:05:00Z,2017-11-21T04:05:00Z,2017-11-21,21.03,12.41,FOA,2017-11-21T04:35:21Z,2017-11-21T05:25:57Z
2017-11-22T02:40:00Z,2017-11-22T04:40:00Z,2017-11-22,21,12.4,FOA,2017-11-22T04:35:55Z,2017-11-22T05:26:35Z
2017-11-23T02:55:00Z,2017-11-23T04:55:00Z,2017-11-23,21,12.4,FOA,2017-11-23T04:36:29Z,2017-11-23T05:27:14Z
2018-01-10T01:50:00Z,2018-01-10T03:50:00Z,2018-01-10,24.31,13.44,FOA,2018-01-10T05:00:08Z,2018-01-10T05:52:46Z
2018-01-11T03:15:00Z,2018-01-11T05:15:00Z,2018-01-11,24.13,13.25,FOA,2018-01-11T05:00:46Z,2018-01-11T05:53:15Z
2018-01-12T02:30:00Z,2018-01-12T04:30:00Z,2018-01-12,23.59,13.2,FOA,2018-01-12T05:00:18Z,2018-01-12T05:52:30Z
2018-01-13T02:00:00Z,2018-01-13T04:00:00Z,2018-01-13,23.37,13.12,FOA,2018-01-13T05:00:24Z,2018-01-13T05:52:27Z
2018-01-14T02:10:00Z,2018-01-14T04:10:00Z,2018-01-14,23.32,13.2,FOA,2018-01-14T05:00:06Z,2018-01-14T05:52:04Z
2018-01-15T02:20:00Z,2018-01-15T04:20:00Z,2018-01-15,22.59,13.24,FOA,2018-01-15T04:58:59Z,2018-01-15T05:50:35Z
2018-01-16T02:30:00Z,2018-01-16T04:30:00Z,2018-01-16,22,12.48,FOA,2018-01-16T05:01:16Z,2018-01-16T05:52:34Z
2018-01-17T01:45:00Z,2018-01-17T03:45:00Z,2018-01-17,22.01,12.47,FOA,2018-01-17T05:01:22Z,2018-01-17T05:52:37Z
2018-01-18T02:07:00Z,2018-01-18T04:07:00Z,2018-01-18,21.48,12.46,FOA,2018-01-18T05:00:43Z,2018-01-18T05:51:42Z
2018-01-19T01:50:00Z,2018-01-19T03:50:00Z,2018-01-19,21.44,12.47,FOA,2018-01-19T05:00:39Z,2018-01-19T05:51:32Z
2018-01-20T01:50:00Z,2018-01-20T03:50:00Z,2018-01-20,21.44,12.47,FOA,2018-01-20T05:00:39Z,2018-01-20T05:51:28Z
2018-02-09T23:00:00Z,2018-02-10T01:00:00Z,2018-02-10,26.47,14.29,FOA,2018-02-10T04:52:42Z,2018-02-10T05:43:55Z
2018-02-11T05:00:00Z,2018-02-11T07:00:00Z,2018-02-11,25.03,13.43,FOA,2018-02-11T04:54:25Z,2018-02-11T05:44:57Z
2018-02-12T01:50:00Z,2018-02-12T03:50:00Z,2018-02-12,24.32,13.48,FOA,2018-02-12T04:53:06Z,2018-02-12T05:43:17Z
2018-02-13T02:08:00Z,2018-02-13T04:08:00Z,2018-02-13,24.57,13.45,FOA,2018-02-13T04:52:50Z,2018-02-13T05:43:02Z
2018-02-14T01:50:00Z,2018-02-14T03:50:00Z,2018-02-14,24.51,13.46,FOA,2018-02-14T04:52:09Z,2018-02-14T05:42:16Z
2018-02-15T01:45:00Z,2018-02-15T03:45:00Z,2018-02-15,25.19,13.46,FOA,2018-02-15T04:51:59Z,2018-02-15T05:42:18Z
2018-02-16T01:40:00Z,2018-02-16T03:40:00Z,2018-02-16,25.27,13.46,FOA,2018-02-16T04:51:23Z,2018-02-16T05:41:40Z
2017-12-02T02:00:00Z,2017-12-02T04:00:00Z,2017-12-02,21.37,12.48,FOA,2017-12-02T04:42:00Z,2017-12-02T05:33:26Z
2017-12-03T01:30:00Z,2017-12-03T03:30:00Z,2017-12-03,21.18,12.45,FOA,2017-12-03T04:42:25Z,2017-12-03T05:33:51Z
2017-12-04T01:40:00Z,2017-12-04T03:40:00Z,2017-12-04,21.44,12.46,FOA,2017-12-04T04:43:22Z,2017-12-04T05:34:57Z
2017-12-05T01:40:00Z,2017-12-05T03:40:00Z,2017-12-05,21.48,12.44,FOA,2017-12-05T04:44:06Z,2017-12-05T05:35:45Z
2017-12-06T01:30:00Z,2017-12-06T03:30:00Z,2017-12-06,21.49,12.44,FOA,2017-12-06T04:44:42Z,2017-12-06T05:36:24Z
2017-12-07T01:00:00Z,2017-12-07T03:00:00Z,2017-12-07,21.54,12.45,FOA,2017-12-07T04:45:20Z,2017-12-07T05:37:05Z
2018-03-12T01:00:00Z,2018-03-12T03:00:00Z,2018-03-12,24.07,13.26,FOA,2018-03-12T04:31:35Z,2018-03-12T05:20:31Z
2018-03-13T01:30:00Z,2018-03-13T03:30:00Z,2018-03-13,24.15,13.42,FOA,2018-03-13T04:29:57Z,2018-03-13T05:18:55Z
2018-03-14T01:50:00Z,2018-03-14T03:50:00Z,2018-03-14,23.47,13.18,FOA,2018-03-14T04:30:02Z,2018-03-14T05:18:45Z
2018-03-15T01:20:00Z,2018-03-15T03:20:00Z,2018-03-15,23.49,13.18,FOA,2018-03-15T04:29:03Z,2018-03-15T05:17:47Z
2018-03-16T02:00:00Z,2018-03-16T04:00:00Z,2018-03-16,23.17,13.21,FOA,2018-03-16T04:28:02Z,2018-03-16T05:16:38Z
2018-03-17T02:00:00Z,2018-03-17T04:00:00Z,2018-03-17,23.03,13.24,FOA,2018-03-17T04:26:58Z,2018-03-17T05:15:32Z
2018-03-17T03:25:00Z,2018-03-17T05:25:00Z,2018-03-17,22.55,13.23,FOA,2018-03-17T04:27:08Z,2018-03-17T05:15:32Z
2018-03-18T01:53:00Z,2018-03-18T03:53:00Z,2018-03-18,23.18,13.23,FOA,2018-03-18T04:25:59Z,2018-03-18T05:14:36Z
2018-03-11T02:20:00Z,2018-03-11T04:20:00Z,2018-03-11,23.17,13.2,FOA,2018-03-11T04:32:52Z,2018-03-11T05:21:29Z
2018-03-12T02:00:00Z,2018-03-12T04:00:00Z,2018-03-12,23.45,13.12,FOA,2018-03-12T04:32:13Z,2018-03-12T05:20:56Z
2018-03-13T01:55:00Z,2018-03-13T03:55:00Z,2018-03-13,23.4,13.19,FOA,2018-03-13T04:30:59Z,2018-03-13T05:19:40Z
2018-03-14T01:45:00Z,2018-03-14T03:45:00Z,2018-03-14,23.45,13.15,FOA,2018-03-14T04:30:10Z,2018-03-14T05:18:52Z
2018-03-15T02:10:00Z,2018-03-15T04:10:00Z,2018-03-15,23.44,13.17,FOA,2018-03-15T04:29:07Z,2018-03-15T05:17:49Z
2018-03-16T03:15:00Z,2018-03-16T05:15:00Z,2018-03-16,26.06,13.22,FOA,2018-03-16T04:27:12Z,2018-03-16T05:16:57Z
2018-02-06T02:20:00Z,2018-02-06T04:20:00Z,2018-02-06,25.27,13.46,FOA,2018-02-06T04:57:05Z,2018-02-06T05:48:05Z
2018-02-07T01:45:00Z,2018-02-07T03:45:00Z,2018-02-07,25.23,13.45,FOA,2018-02-07T04:56:36Z,2018-02-07T05:47:31Z
2018-02-08T01:35:00Z,2018-02-08T03:35:00Z,2018-02-08,25.34,25.34,FOA,2018-02-08T04:08:40Z,2018-02-08T04:59:33Z
2018-02-09T01:40:00Z,2018-02-09T03:40:00Z,2018-02-09,25.05,25.05,FOA,2018-02-09T04:09:04Z,2018-02-09T04:59:44Z
2018-02-10T02:30:00Z,2018-02-10T04:30:00Z,2018-02-10,24.59,24.59,FOA,2018-02-10T04:09:59Z,2018-02-10T05:00:25Z
2018-03-03T02:00:00Z,2018-03-03T04:00:00Z,2018-03-03,24.42,13.46,FOA,2018-03-03T04:39:13Z,2018-03-03T05:28:27Z
2018-03-04T02:00:00Z,2018-03-04T04:00:00Z,2018-03-04,24.49,13.45,FOA,2018-03-04T04:38:22Z,2018-03-04T05:27:36Z
2018-03-05T02:00:00Z,2018-03-05T04:00:00Z,2018-03-05,24.37,13.48,FOA,2018-03-05T04:37:20Z,2018-03-05T05:26:29Z
2018-03-06T02:00:00Z,2018-03-06T04:00:00Z,2018-03-06,24.1,13.26,FOA,2018-03-06T04:37:16Z,2018-03-06T05:26:18Z
2018-03-07T02:00:00Z,2018-03-07T04:00:00Z,2018-03-07,24.58,13.28,FOA,2018-03-07T04:36:17Z,2018-03-07T05:25:29Z
2018-03-08T02:00:00Z,2018-03-08T04:00:00Z,2018-03-08,24.17,13.29,FOA,2018-03-08T04:35:18Z,2018-03-08T05:24:19Z
2018-03-09T03:15:00Z,2018-03-09T05:15:00Z,2018-03-09,23.49,13.15,FOA,2018-03-09T04:34:55Z,2018-03-09T05:23:41Z
2018-06-09T01:45:00Z,2018-06-09T03:45:00Z,2018-06-09,21.49,12.44,FOA,2018-06-09T03:34:16Z,2018-06-09T04:28:34Z
2018-06-10T02:15:00Z,2018-06-10T04:15:00Z,2018-06-10,20.52,12.4,FOA,2018-06-10T03:36:52Z,2018-06-10T04:30:43Z
2018-06-11T02:00:00Z,2018-06-11T04:00:00Z,2018-06-11,21.11,12.42,FOA,2018-06-11T03:35:19Z,2018-06-11T04:29:30Z
2018-06-12T02:15:00Z,2018-06-12T04:15:00Z,2018-06-12,21.13,12.43,FOA,2018-06-12T03:35:15Z,2018-06-12T04:29:29Z
2018-06-13T02:45:00Z,2018-06-13T04:45:00Z,2018-06-13,21,12.42,FOA,2018-06-13T03:35:40Z,2018-06-13T04:29:52Z
2018-03-30T02:00:00Z,2018-03-30T04:00:00Z,2018-03-30,23.19,13.24,FOA,2018-03-30T04:13:44Z,2018-03-30T05:02:42Z
2018-03-31T01:50:00Z,2018-03-31T03:50:00Z,2018-03-31,23.4,13.2,FOA,2018-03-31T04:12:43Z,2018-03-31T05:01:48Z
2018-04-01T01:48:00Z,2018-04-01T03:48:00Z,2018-04-01,24,13.27,FOA,2018-04-01T04:10:55Z,2018-04-01T05:00:18Z
2018-04-02T01:48:00Z,2018-04-02T03:48:00Z,2018-04-02,24.21,13.3,FOA,2018-04-02T04:09:34Z,2018-04-02T04:59:05Z
2018-04-03T02:18:00Z,2018-04-03T04:18:00Z,2018-04-03,23.59,13.24,FOA,2018-04-03T04:09:18Z,2018-04-03T04:58:37Z
2018-04-04T02:20:00Z,2018-04-04T04:20:00Z,2018-04-04,23.31,13.21,FOA,2018-04-04T04:08:38Z,2018-04-04T04:57:54Z
2018-04-05T02:00:00Z,2018-04-05T04:00:00Z,2018-04-05,23.5,13.18,FOA,2018-04-05T04:07:33Z,2018-04-05T04:56:57Z
2018-04-06T02:00:00Z,2018-04-06T04:00:00Z,2018-04-06,23.57,13.17,FOA,2018-04-06T04:06:30Z,2018-04-06T04:55:59Z
2018-06-07T02:10:00Z,2018-06-07T04:10:00Z,2018-06-07,24.21,13.41,FOA,2018-06-07T03:23:18Z,2018-06-07T04:19:07Z
2018-06-08T06:20:00Z,2018-06-08T08:20:00Z,2018-06-08,25.49,13.51,FOA,2018-06-08T03:19:15Z,2018-06-08T04:15:58Z
2018-06-09T02:00:00Z,2018-06-09T04:00:00Z,2018-06-09,26.23,14.07,FOA,2018-06-09T03:14:47Z,2018-06-09T04:12:06Z
2018-06-10T02:55:00Z,2018-06-10T04:55:00Z,2018-06-10,26.17,14.02,FOA,2018-06-10T03:15:06Z,2018-06-10T04:12:25Z
2018-06-11T05:40:00Z,2018-06-11T07:40:00Z,2018-06-11,25.24,13.42,FOA,2018-06-11T03:20:10Z,2018-06-11T04:16:52Z
2018-03-22T02:55:00Z,2018-03-22T04:55:00Z,2018-03-22,22.39,13.04,FOA,2018-03-22T04:23:04Z,2018-03-22T05:11:28Z
2018-03-22T01:40:00Z,2018-03-22T03:40:00Z,2018-03-22,22.48,13.07,FOA,2018-03-22T04:22:55Z,2018-03-22T05:11:21Z
2018-03-23T01:35:00Z,2018-03-23T03:35:00Z,2018-03-23,22.42,13.06,FOA,2018-03-23T04:21:59Z,2018-03-23T05:10:26Z
2018-03-23T02:57:00Z,2018-03-23T04:57:00Z,2018-03-23,22.34,13.03,FOA,2018-03-23T04:22:09Z,2018-03-23T05:10:33Z
2018-03-24T01:40:00Z,2018-03-24T03:40:00Z,2018-03-24,22.39,13.06,FOA,2018-03-24T04:21:01Z,2018-03-24T05:09:28Z
2018-03-24T03:00:00Z,2018-03-24T05:00:00Z,2018-03-24,22.3,13.04,FOA,2018-03-24T04:21:08Z,2018-03-24T05:09:33Z
2018-03-25T01:40:00Z,2018-03-25T03:40:00Z,2018-03-25,22.39,13.04,FOA,2018-03-25T04:20:06Z,2018-03-25T05:08:35Z
2018-03-25T03:00:00Z,2018-03-25T05:00:00Z,2018-03-25,22.31,13.01,FOA,2018-03-25T04:20:16Z,2018-03-25T05:08:43Z
2018-03-26T02:14:00Z,2018-03-26T04:14:00Z,2018-03-26,22.58,13.25,FOA,2018-03-26T04:18:09Z,2018-03-26T05:06:44Z
2018-03-26T03:40:00Z,2018-03-26T05:40:00Z,2018-03-26,23.07,13.25,FOA,2018-03-26T04:17:52Z,2018-03-26T05:06:38Z
2018-03-27T01:55:00Z,2018-03-27T03:55:00Z,2018-03-27,23.12,13.25,FOA,2018-03-27T04:16:49Z,2018-03-27T05:05:38Z
2018-03-27T03:20:00Z,2018-03-27T05:20:00Z,2018-03-27,23.02,13.25,FOA,2018-03-27T04:16:53Z,2018-03-27T05:05:40Z
2018-03-09T02:00:00Z,2018-03-09T04:00:00Z,2018-03-09,23.19,13.2,FOA,2018-03-09T04:34:44Z,2018-03-09T05:23:22Z
2018-03-10T02:00:00Z,2018-03-10T04:00:00Z,2018-03-10,22.56,13.24,FOA,2018-03-10T04:33:40Z,2018-03-10T05:22:05Z
2018-03-11T02:15:00Z,2018-03-11T04:15:00Z,2018-03-11,22.58,13.22,FOA,2018-03-11T04:32:50Z,2018-03-11T05:21:14Z
2018-03-12T02:10:00Z,2018-03-12T04:10:00Z,2018-03-12,23.24,13.2,FOA,2018-03-12T04:31:55Z,2018-03-12T05:20:33Z
2018-03-03T02:45:00Z,2018-03-03T04:45:00Z,2018-03-03,24.41,13.46,FOA,2018-03-03T04:39:13Z,2018-03-03T05:28:27Z
2018-03-04T01:45:00Z,2018-03-04T03:45:00Z,2018-03-04,24.5,13.44,FOA,2018-03-04T04:38:25Z,2018-03-04T05:27:39Z
2018-03-05T01:45:00Z,2018-03-05T03:45:00Z,2018-03-05,24.37,13.47,FOA,2018-03-05T04:37:22Z,2018-03-05T05:26:32Z
2018-03-06T02:10:00Z,2018-03-06T04:10:00Z,2018-03-06,24.24,13.39,FOA,2018-03-06T04:36:46Z,2018-03-06T05:25:51Z
2018-03-07T01:50:00Z,2018-03-07T03:50:00Z,2018-03-07,24.16,13.31,FOA,2018-03-07T04:36:09Z,2018-03-07T05:25:11Z
2018-03-08T02:55:00Z,2018-03-08T04:55:00Z,2018-03-08,24.13,13.3,FOA,2018-03-08T04:35:15Z,2018-03-08T05:24:16Z
2018-05-15T01:55:00Z,2018-05-15T03:55:00Z,2018-05-15,21.3,12.42,FOA,2018-05-15T03:41:28Z,2018-05-15T04:33:39Z
2018-05-16T02:55:00Z,2018-05-16T04:55:00Z,2018-05-16,21.25,12.42,FOA,2018-05-16T03:41:05Z,2018-05-16T04:33:20Z
2018-05-17T01:55:00Z,2018-05-17T03:55:00Z,2018-05-17,21.32,12.44,FOA,2018-05-17T03:40:23Z,2018-05-17T04:32:46Z
2018-05-18T02:15:00Z,2018-05-18T04:15:00Z,2018-05-18,21.15,12.47,FOA,2018-05-18T03:40:10Z,2018-05-18T04:32:35Z
2018-05-19T02:13:00Z,2018-05-19T04:13:00Z,2018-05-19,21,12.45,FOA,2018-05-19T03:40:08Z,2018-05-19T04:32:34Z
2018-06-20T05:00:00Z,2018-06-20T07:00:00Z,2018-06-20,22.45,12.57,FOA,2018-06-20T03:32:06Z,2018-06-20T04:27:15Z
2018-06-21T02:46:00Z,2018-06-21T04:46:00Z,2018-06-21,23,13.05,FOA,2018-06-21T03:28:52Z,2018-06-21T04:24:21Z
2018-06-23T03:28:00Z,2018-06-23T05:28:00Z,2018-06-23,22.11,12.52,FOA,2018-06-23T03:33:49Z,2018-06-23T04:28:46Z
2018-06-24T03:00:00Z,2018-06-24T05:00:00Z,2018-06-24,22.04,12.48,FOA,2018-06-24T03:34:25Z,2018-06-24T04:29:19Z
2018-05-13T01:00:00Z,2018-05-13T03:00:00Z,2018-05-13,22.1,12.57,FOA,2018-05-13T03:40:16Z,2018-05-13T04:32:37Z
2018-05-14T03:00:00Z,2018-05-14T05:00:00Z,2018-05-14,21.55,12.46,FOA,2018-05-14T03:41:18Z,2018-05-14T04:33:30Z
2018-05-15T02:00:00Z,2018-05-15T04:00:00Z,2018-05-15,21.35,12.45,FOA,2018-05-15T03:41:15Z,2018-05-15T04:33:27Z
2018-05-16T02:30:00Z,2018-05-16T04:30:00Z,2018-05-16,21.25,12.45,FOA,2018-05-16T03:40:58Z,2018-05-16T04:33:13Z
2018-05-17T02:40:00Z,2018-05-17T04:40:00Z,2018-05-17,21.31,12.45,FOA,2018-05-17T03:40:22Z,2018-05-17T04:32:45Z
2018-05-18T02:00:00Z,2018-05-18T04:00:00Z,2018-05-18,21.28,12.48,FOA,2018-05-18T03:39:51Z,2018-05-18T04:32:19Z
2018-05-19T02:50:00Z,2018-05-19T04:50:00Z,2018-05-19,12.44,12.44,FOA,2018-05-19T03:57:00Z,2018-05-19T04:46:19Z
2018-04-22T02:00:00Z,2018-04-22T04:00:00Z,2018-04-22,22.59,13.04,FOA,2018-04-22T03:52:50Z,2018-04-22T04:43:13Z
2018-04-23T02:00:00Z,2018-04-23T04:00:00Z,2018-04-23,23.01,13.04,FOA,2018-04-23T03:51:20Z,2018-04-23T04:41:59Z
2018-04-23T03:00:00Z,2018-04-23T05:00:00Z,2018-04-23,23.01,13.02,FOA,2018-04-23T03:51:25Z,2018-04-23T04:42:04Z
2018-04-24T02:00:00Z,2018-04-24T04:00:00Z,2018-04-24,22.57,13.03,FOA,2018-04-24T03:51:11Z,2018-04-24T04:41:44Z
2018-04-25T02:00:00Z,2018-04-25T04:00:00Z,2018-04-25,23.17,13.17,FOA,2018-04-25T03:48:49Z,2018-04-25T04:39:45Z
2018-04-26T02:00:00Z,2018-04-26T04:00:00Z,2018-04-26,23.22,13.23,FOA,2018-04-26T03:47:39Z,2018-04-26T04:38:41Z
2018-04-26T03:00:00Z,2018-04-26T05:00:00Z,2018-04-26,23.31,13.2,FOA,2018-04-26T03:47:37Z,2018-04-26T04:38:42Z
2018-04-27T02:00:00Z,2018-04-27T04:00:00Z,2018-04-27,23.05,13.16,FOA,2018-04-27T03:47:22Z,2018-04-27T04:38:26Z
2018-04-27T03:00:00Z,2018-04-27T05:00:00Z,2018-04-27,23.04,13.15,FOA,2018-04-27T03:47:25Z,2018-04-27T04:38:29Z
2018-04-28T03:00:00Z,2018-04-28T05:00:00Z,2018-04-28,22.58,13.15,FOA,2018-04-28T03:47:22Z,2018-04-28T04:38:20Z
2018-04-29T02:00:00Z,2018-04-29T04:00:00Z,2018-04-29,22.46,13.15,FOA,2018-04-29T03:46:46Z,2018-04-29T04:37:47Z
2018-03-21T01:00:00Z,2018-03-21T03:00:00Z,2018-03-21,23.56,13.18,FOA,2018-03-21T04:23:01Z,2018-03-21T05:11:50Z
2018-03-22T01:25:00Z,2018-03-22T03:25:00Z,2018-03-22,24.18,13.28,FOA,2018-03-22T04:21:18Z,2018-03-22T05:10:23Z
2018-03-23T02:00:00Z,2018-03-23T04:00:00Z,2018-03-23,23.31,13.19,FOA,2018-03-23T04:21:03Z,2018-03-23T05:09:49Z
2018-03-24T03:00:00Z,2018-03-24T05:00:00Z,2018-03-24,23.41,13.22,FOA,2018-03-24T04:19:51Z,2018-03-24T05:08:41Z
2018-03-25T01:30:00Z,2018-03-25T03:30:00Z,2018-03-25,23.26,13.21,FOA,2018-03-25T04:18:57Z,2018-03-25T05:07:45Z
2018-03-26T02:20:00Z,2018-03-26T04:20:00Z,2018-03-26,23.21,13.23,FOA,2018-03-26T04:17:52Z,2018-03-26T05:06:41Z
2018-03-28T04:30:00Z,2018-03-28T06:30:00Z,2018-03-28,22.43,13.06,FOA,2018-03-28T04:17:00Z,2018-03-28T05:05:36Z
2018-03-29T05:45:00Z,2018-03-29T07:45:00Z,2018-03-29,23.2,13.22,FOA,2018-03-29T04:14:50Z,2018-03-29T05:03:46Z
2018-03-30T02:10:00Z,2018-03-30T04:10:00Z,2018-03-30,23.19,13.23,FOA,2018-03-30T04:13:47Z,2018-03-30T05:02:44Z
2018-03-31T02:00:00Z,2018-03-31T04:00:00Z,2018-03-31,23.42,13.18,FOA,2018-03-31T04:12:47Z,2018-03-31T05:01:52Z
2018-04-01T02:05:00Z,2018-04-01T04:05:00Z,2018-04-01,21.1,13.24,FOA,2018-04-01T04:13:16Z,2018-04-01T05:01:34Z
2018-04-02T01:40:00Z,2018-04-02T03:40:00Z,2018-04-02,24.2,13.31,FOA,2018-04-02T04:09:32Z,2018-04-02T04:59:03Z
2018-04-18T05:55:00Z,2018-04-18T07:55:00Z,2018-04-18,22.51,13,FOA,2018-04-18T03:56:42Z,2018-04-18T04:46:40Z
2018-04-19T03:00:00Z,2018-04-19T05:00:00Z,2018-04-19,22.31,12.52,FOA,2018-04-19T03:57:59Z,2018-04-19T04:47:57Z
2018-04-20T05:00:00Z,2018-04-20T07:00:00Z,2018-04-20,22.46,13.08,FOA,2018-04-20T03:54:38Z,2018-04-20T04:44:46Z
2018-04-21T03:20:00Z,2018-04-21T05:20:00Z,2018-04-21,23.03,13.12,FOA,2018-04-21T03:52:46Z,2018-04-21T04:43:14Z
2018-04-22T02:00:00Z,2018-04-22T04:00:00Z,2018-04-22,22.59,13.16,FOA,2018-04-22T03:52:22Z,2018-04-22T04:42:44Z
2018-04-23T02:10:00Z,2018-04-23T04:10:00Z,2018-04-23,22.58,13.17,FOA,2018-04-23T03:51:28Z,2018-04-23T04:41:55Z
2018-04-21T02:15:00Z,2018-04-21T04:15:00Z,2018-04-21,22.43,13.12,FOA,2018-04-21T03:53:38Z,2018-04-21T04:43:50Z
2018-04-22T02:05:00Z,2018-04-22T04:05:00Z,2018-04-22,22.59,13.15,FOA,2018-04-22T03:52:24Z,2018-04-22T04:42:46Z
2018-04-23T02:30:00Z,2018-04-23T04:30:00Z,2018-04-23,22.32,12.57,FOA,2018-04-23T03:54:15Z,2018-04-23T04:44:36Z
2018-04-24T02:25:00Z,2018-04-24T04:25:00Z,2018-04-24,22.54,13.04,FOA,2018-04-24T03:51:11Z,2018-04-24T04:41:44Z
2018-04-25T02:05:00Z,2018-04-25T04:05:00Z,2018-04-25,23.1,13.12,FOA,2018-04-25T03:49:08Z,2018-04-25T04:40:01Z
2018-04-11T01:50:00Z,2018-04-11T03:50:00Z,2018-04-11,22.24,12.5,FOA,2018-04-11T04:05:35Z,2018-04-11T04:54:53Z
2018-04-11T03:10:00Z,2018-04-11T05:10:00Z,2018-04-11,22.16,12.56,FOA,2018-04-11T04:05:26Z,2018-04-11T04:54:42Z
2018-04-12T02:20:00Z,2018-04-12T04:20:00Z,2018-04-12,22.38,12.56,FOA,2018-04-12T04:04:14Z,2018-04-12T04:53:40Z
2018-04-12T03:30:00Z,2018-04-12T05:30:00Z,2018-04-12,22.3,12.55,FOA,2018-04-12T04:04:22Z,2018-04-12T04:53:46Z
2018-04-13T02:15:00Z,2018-04-13T04:15:00Z,2018-04-13,23.05,13.1,FOA,2018-04-13T04:00:20Z,2018-04-13T04:50:06Z
2018-04-13T03:30:00Z,2018-04-13T05:30:00Z,2018-04-13,22.57,13.07,FOA,2018-04-13T04:01:01Z,2018-04-13T04:50:36Z
2018-04-14T01:30:00Z,2018-04-14T03:30:00Z,2018-04-14,23.01,13.1,FOA,2018-04-14T03:59:25Z,2018-04-14T04:49:15Z
2018-04-14T02:50:00Z,2018-04-14T04:50:00Z,2018-04-14,22.53,13.07,FOA,2018-04-14T04:00:07Z,2018-04-14T04:49:45Z
2018-04-15T02:50:00Z,2018-04-15T04:50:00Z,2018-04-15,22.5,13.06,FOA,2018-04-15T03:59:15Z,2018-04-15T04:48:58Z
2018-04-15T01:30:00Z,2018-04-15T03:30:00Z,2018-04-15,22.59,13.08,FOA,2018-04-15T03:59:03Z,2018-04-15T04:48:48Z
2018-04-16T00:50:00Z,2018-04-16T02:50:00Z,2018-04-16,22.58,13.03,FOA,2018-04-16T03:58:20Z,2018-04-16T04:48:10Z
2018-04-16T02:45:00Z,2018-04-16T04:45:00Z,2018-04-16,22.49,13.05,FOA,2018-04-16T03:58:22Z,2018-04-16T04:48:09Z
2018-04-17T01:30:00Z,2018-04-17T03:30:00Z,2018-04-17,22.57,13.03,FOA,2018-04-17T03:57:25Z,2018-04-17T04:47:19Z
2018-04-08T02:00:00Z,2018-04-08T04:00:00Z,2018-04-08,21.07,12.48,FOA,2018-04-08T04:09:42Z,2018-04-08T04:58:22Z
2018-04-09T02:00:00Z,2018-04-09T04:00:00Z,2018-04-09,21.1,12.46,FOA,2018-04-09T04:08:49Z,2018-04-09T04:57:34Z
2018-04-10T03:00:00Z,2018-04-10T05:00:00Z,2018-04-10,21.01,12.44,FOA,2018-04-10T04:08:04Z,2018-04-10T04:56:50Z
2018-04-11T02:45:00Z,2018-04-11T04:45:00Z,2018-04-11,21.42,12.47,FOA,2018-04-11T04:06:36Z,2018-04-11T04:55:35Z
2018-04-12T03:00:00Z,2018-04-12T05:00:00Z,2018-04-12,22.12,12.58,FOA,2018-04-12T04:04:27Z,2018-04-12T04:53:46Z
2018-04-05T03:00:00Z,2018-04-05T05:00:00Z,2018-04-05,24.56,13.41,FOA,2018-04-05T04:05:37Z,2018-04-05T04:55:28Z
2018-04-09T02:05:00Z,2018-04-09T04:05:00Z,2018-04-09,22.4,13.07,FOA,2018-04-09T04:05:04Z,2018-04-09T04:54:17Z
2018-05-23T01:50:00Z,2018-05-23T03:50:00Z,2018-05-23,22.08,12.53,FOA,2018-05-23T03:35:48Z,2018-05-23T04:29:10Z
2018-05-24T01:45:00Z,2018-05-24T03:45:00Z,2018-05-24,22.33,13.03,FOA,2018-05-24T03:32:51Z,2018-05-24T04:26:26Z
2018-05-25T02:25:00Z,2018-05-25T04:25:00Z,2018-05-25,22.47,12.59,FOA,2018-05-25T03:33:56Z,2018-05-25T04:27:41Z
2018-05-26T02:30:00Z,2018-05-26T04:30:00Z,2018-05-26,23.24,13.19,FOA,2018-05-26T03:29:19Z,2018-05-26T04:23:36Z
2018-05-27T02:30:00Z,2018-05-27T04:30:00Z,2018-05-27,22.55,13.14,FOA,2018-05-27T03:30:54Z,2018-05-27T04:24:53Z
2018-05-28T05:10:00Z,2018-05-28T07:10:00Z,2018-05-28,22.43,13.13,FOA,2018-05-28T03:30:56Z,2018-05-28T04:24:57Z
2018-05-29T01:35:00Z,2018-05-29T03:35:00Z,2018-05-29,22.55,13.15,FOA,2018-05-29T03:30:17Z,2018-05-29T04:24:27Z
2018-05-08T01:55:00Z,2018-05-08T03:55:00Z,2018-05-08,25.02,13.43,FOA,2018-05-08T03:33:57Z,2018-05-08T04:27:15Z
2018-05-09T02:55:00Z,2018-05-09T04:55:00Z,2018-05-09,24.12,13.32,FOA,2018-05-09T03:35:33Z,2018-05-09T04:28:29Z
2018-05-10T02:25:00Z,2018-05-10T04:25:00Z,2018-05-10,23.39,13.14,FOA,2018-05-10T03:37:07Z,2018-05-10T04:29:47Z
2018-05-11T02:40:00Z,2018-05-11T04:40:00Z,2018-05-11,23.02,13.1,FOA,2018-05-11T03:37:25Z,2018-05-11T04:30:00Z
2018-05-12T02:15:00Z,2018-05-12T04:15:00Z,2018-05-12,22.51,13.12,FOA,2018-05-12T03:37:47Z,2018-05-12T04:30:14Z
2018-05-01T01:20:00Z,2018-05-01T03:20:00Z,2018-05-01,22,12.58,FOA,2018-05-01T03:48:18Z,2018-05-01T04:39:19Z
2018-05-01T02:45:00Z,2018-05-01T04:45:00Z,2018-05-01,22.51,12.56,FOA,2018-05-01T03:47:29Z,2018-05-01T04:38:44Z
2018-05-02T04:10:00Z,2018-05-02T06:10:00Z,2018-05-02,22.41,13.07,FOA,2018-05-02T03:44:52Z,2018-05-02T04:36:11Z
2018-05-02T05:20:00Z,2018-05-02T07:20:00Z,2018-05-02,22.5,13.09,FOA,2018-05-02T03:44:38Z,2018-05-02T04:35:59Z
2018-05-03T02:50:00Z,2018-05-03T04:50:00Z,2018-05-03,22.49,13.17,FOA,2018-05-03T03:43:35Z,2018-05-03T04:35:02Z
2018-05-03T01:30:00Z,2018-05-03T03:30:00Z,2018-05-03,22.59,13.2,FOA,2018-05-03T03:43:17Z,2018-05-03T04:34:47Z
2018-05-04T02:50:00Z,2018-05-04T04:50:00Z,2018-05-04,22.44,13,FOA,2018-05-04T03:43:38Z,2018-05-04T04:35:10Z
2018-05-04T01:40:00Z,2018-05-04T03:40:00Z,2018-05-04,22.54,13.03,FOA,2018-05-04T03:43:20Z,2018-05-04T04:34:55Z
2018-05-05T01:20:00Z,2018-05-05T03:20:00Z,2018-05-05,22.44,13,FOA,2018-05-05T03:42:56Z,2018-05-05T04:34:34Z
2018-05-05T02:40:00Z,2018-05-05T04:40:00Z,2018-05-05,22.35,12.57,FOA,2018-05-05T03:44:49Z,2018-05-05T04:36:25Z
2018-05-06T03:10:00Z,2018-05-06T05:10:00Z,2018-05-06,22.58,13.08,FOA,2018-05-06T03:41:39Z,2018-05-06T04:33:28Z
2018-05-06T02:00:00Z,2018-05-06T04:00:00Z,2018-05-06,23.07,13.11,FOA,2018-05-06T03:40:35Z,2018-05-06T04:32:39Z
2018-05-18T03:30:00Z,2018-05-18T05:30:00Z,2018-05-18,21.24,12.5,FOA,2018-05-18T03:39:51Z,2018-05-18T04:32:18Z
2018-05-19T02:00:00Z,2018-05-19T04:00:00Z,2018-05-19,20.59,12.42,FOA,2018-05-19T03:41:08Z,2018-05-19T04:33:23Z
2018-05-20T02:00:00Z,2018-05-20T04:00:00Z,2018-05-20,20.4,12.21,FOA,2018-05-20T03:41:59Z,2018-05-20T04:34:14Z
2018-05-21T03:30:00Z,2018-05-21T05:30:00Z,2018-05-21,20.45,12.23,FOA,2018-05-21T03:41:25Z,2018-05-21T04:33:47Z
2018-05-28T03:10:00Z,2018-05-28T05:10:00Z,2018-05-28,23.04,13.04,FOA,2018-05-28T03:29:47Z,2018-05-28T04:24:08Z
2018-05-30T02:25:00Z,2018-05-30T04:25:00Z,2018-05-30,23.02,13.07,FOA,2018-05-30T03:29:11Z,2018-05-30T04:23:41Z
2018-05-31T02:35:00Z,2018-05-31T04:35:00Z,2018-05-31,22.58,13.14,FOA,2018-05-31T03:29:47Z,2018-05-31T04:24:07Z
2018-06-01T02:00:00Z,2018-06-01T04:00:00Z,2018-06-01,22.49,13,FOA,2018-06-01T03:30:21Z,2018-06-01T04:24:43Z
2018-06-02T02:55:00Z,2018-06-02T04:55:00Z,2018-06-02,22.2,12.53,FOA,2018-06-02T03:32:47Z,2018-06-02T04:27:03Z
2018-06-03T02:05:00Z,2018-06-03T04:05:00Z,2018-06-03,22.19,12.54,FOA,2018-06-03T03:32:36Z,2018-06-03T04:26:57Z
2018-06-04T03:05:00Z,2018-06-04T05:05:00Z,2018-06-04,19.37,11.45,FOA,2018-06-04T03:43:45Z,2018-06-04T04:36:43Z
2018-06-04T01:50:00Z,2018-06-04T03:50:00Z,2018-06-04,19.46,11.47,FOA,2018-06-04T03:43:27Z,2018-06-04T04:36:27Z
2018-06-05T02:45:00Z,2018-06-05T04:45:00Z,2018-06-05,19.27,11.42,FOA,2018-06-05T03:44:01Z,2018-06-05T04:37:00Z
2018-06-05T01:30:00Z,2018-06-05T03:30:00Z,2018-06-05,19.36,11.44,FOA,2018-06-05T03:43:43Z,2018-06-05T04:36:45Z
2018-06-06T02:50:00Z,2018-06-06T04:50:00Z,2018-06-06,19.19,11.4,FOA,2018-06-06T03:44:14Z,2018-06-06T04:37:13Z
2018-06-06T01:30:00Z,2018-06-06T03:30:00Z,2018-06-06,19.28,11.42,FOA,2018-06-06T03:43:56Z,2018-06-06T04:36:58Z
2018-06-07T02:40:00Z,2018-06-07T04:40:00Z,2018-06-07,19.22,11.4,FOA,2018-06-07T03:44:06Z,2018-06-07T04:37:10Z
2018-06-07T01:20:00Z,2018-06-07T03:20:00Z,2018-06-07,19.31,11.43,FOA,2018-06-07T03:43:46Z,2018-06-07T04:36:52Z
2018-06-08T01:50:00Z,2018-06-08T03:50:00Z,2018-06-08,19.17,11.4,FOA,2018-06-08T03:44:12Z,2018-06-08T04:37:17Z
2018-06-08T03:10:00Z,2018-06-08T05:10:00Z,2018-06-08,19.1,11.36,FOA,2018-06-08T03:44:32Z,2018-06-08T04:37:35Z
2018-06-09T03:30:00Z,2018-06-09T05:30:00Z,2018-06-09,19.42,11.53,FOA,2018-06-09T03:43:04Z,2018-06-09T04:36:19Z
2018-06-09T02:20:00Z,2018-06-09T04:20:00Z,2018-06-09,19.51,11.56,FOA,2018-06-09T03:42:44Z,2018-06-09T04:36:01Z
2018-06-11T07:15:00Z,2018-06-11T09:15:00Z,2018-06-11,21.28,12.44,FOA,2018-06-11T03:34:48Z,2018-06-11T04:29:05Z
2018-06-12T07:48:00Z,2018-06-12T09:48:00Z,2018-06-12,21.02,12.45,FOA,2018-06-12T03:35:27Z,2018-06-12T04:29:38Z
2018-06-13T02:19:00Z,2018-06-13T04:19:00Z,2018-06-13,21,12.39,FOA,2018-06-13T03:35:47Z,2018-06-13T04:30:00Z
2018-06-14T03:13:00Z,2018-06-14T05:13:00Z,2018-06-14,21.04,12.39,FOA,2018-06-14T03:35:45Z,2018-06-14T04:30:01Z
2018-06-15T03:42:00Z,2018-06-15T05:42:00Z,2018-06-15,20.49,12.34,FOA,2018-06-15T03:37:27Z,2018-06-15T04:31:26Z
2018-06-15T02:55:00Z,2018-06-15T04:55:00Z,2018-06-15,20.44,12.32,FOA,2018-06-15T03:37:39Z,2018-06-15T04:31:37Z
2018-06-16T04:45:00Z,2018-06-16T06:45:00Z,2018-06-16,21.32,12.43,FOA,2018-06-16T03:35:04Z,2018-06-16T04:29:31Z
2018-06-17T02:05:00Z,2018-06-17T04:05:00Z,2018-06-17,22,12.5,FOA,2018-06-17T03:33:07Z,2018-06-17T04:27:58Z
2018-06-18T02:30:00Z,2018-06-18T04:30:00Z,2018-06-18,22.08,12.52,FOA,2018-06-18T03:32:57Z,2018-06-18T04:27:52Z
2018-06-19T05:05:00Z,2018-06-19T07:05:00Z,2018-06-19,22.47,13.04,FOA,2018-06-19T03:29:59Z,2018-06-19T04:25:09Z
2018-06-20T06:10:00Z,2018-06-20T08:10:00Z,2018-06-20,22.56,13.03,FOA,2018-06-20T03:29:57Z,2018-06-20T04:25:10Z
2018-06-21T03:25:00Z,2018-06-21T05:25:00Z,2018-06-21,23.06,13.07,FOA,2018-06-21T03:28:38Z,2018-06-21T04:24:09Z
2018-03-19T01:30:00Z,2018-03-19T03:30:00Z,2018-03-19,12.55,12.55,FOA,2018-03-19T04:30:17Z,2018-03-19T05:16:03Z
2018-03-20T02:05:00Z,2018-03-20T04:05:00Z,2018-03-20,23.16,13.22,FOA,2018-03-20T04:24:02Z,2018-03-20T05:12:40Z
2018-03-21T02:00:00Z,2018-03-21T04:00:00Z,2018-03-21,23.41,13.18,FOA,2018-03-21T04:23:05Z,2018-03-21T05:11:50Z
2018-03-22T02:05:00Z,2018-03-22T04:05:00Z,2018-03-22,24.01,13.21,FOA,2018-03-22T04:21:40Z,2018-03-22T05:10:40Z
2018-03-23T03:10:00Z,2018-03-23T05:10:00Z,2018-03-23,23.3,13.17,FOA,2018-03-23T04:21:08Z,2018-03-23T05:09:53Z
2018-03-24T02:45:00Z,2018-03-24T04:45:00Z,2018-03-24,22.53,13.13,FOA,2018-03-24T04:20:40Z,2018-03-24T05:09:10Z
2018-07-18T07:34:00Z,2018-07-18T09:34:00Z,2018-07-18,20.46,12.3,FOA,2018-07-18T03:48:26Z,2018-07-18T04:41:14Z
2018-07-19T05:44:00Z,2018-07-19T07:44:00Z,2018-07-19,19.45,11.57,FOA,2018-07-19T03:54:05Z,2018-07-19T04:46:20Z
2018-07-20T05:14:00Z,2018-07-20T07:14:00Z,2018-07-20,19.42,11.57,FOA,2018-07-20T03:54:37Z,2018-07-20T04:46:45Z
2018-07-21T03:45:00Z,2018-07-21T05:45:00Z,2018-07-21,19.36,11.57,FOA,2018-07-21T03:55:12Z,2018-07-21T04:47:14Z
2018-07-22T02:47:00Z,2018-07-22T04:47:00Z,2018-07-22,19.32,11.52,FOA,2018-07-22T03:55:57Z,2018-07-22T04:47:52Z
2018-02-12T02:10:00Z,2018-02-12T04:10:00Z,2018-02-12,24.47,13.45,FOA,2018-02-12T04:53:20Z,2018-02-12T05:43:34Z
2018-02-13T02:15:00Z,2018-02-13T04:15:00Z,2018-02-13,24.39,13.5,FOA,2018-02-13T04:52:30Z,2018-02-13T05:42:38Z
2018-02-14T02:12:00Z,2018-02-14T04:12:00Z,2018-02-14,24.47,13.46,FOA,2018-02-14T04:52:07Z,2018-02-14T05:42:13Z
2018-02-15T02:30:00Z,2018-02-15T04:30:00Z,2018-02-15,24.46,13.46,FOA,2018-02-15T04:51:30Z,2018-02-15T05:41:31Z
2018-02-10T04:20:00Z,2018-02-10T06:20:00Z,2018-02-10,22.07,12.56,FOA,2018-02-10T04:56:02Z,2018-02-10T05:45:30Z
2018-02-11T03:10:00Z,2018-02-11T05:10:00Z,2018-02-11,21.47,12.48,FOA,2018-02-11T04:55:24Z,2018-02-11T05:44:36Z
2018-02-12T03:10:00Z,2018-02-12T05:10:00Z,2018-02-12,21.39,12.48,FOA,2018-02-12T04:54:52Z,2018-02-12T05:43:58Z
2018-02-13T03:00:00Z,2018-02-13T05:00:00Z,2018-02-13,21.36,12.47,FOA,2018-02-13T04:54:23Z,2018-02-13T05:43:25Z
2018-02-14T02:30:00Z,2018-02-14T04:30:00Z,2018-02-14,21.37,12.46,FOA,2018-02-14T04:53:56Z,2018-02-14T05:42:54Z
2018-06-17T01:50:00Z,2018-06-17T03:50:00Z,2018-06-17,22,12.51,FOA,2018-06-17T03:33:04Z,2018-06-17T04:27:56Z
2018-06-18T02:00:00Z,2018-06-18T04:00:00Z,2018-06-18,22.03,12.53,FOA,2018-06-18T03:33:03Z,2018-06-18T04:27:56Z
2018-06-19T02:00:00Z,2018-06-19T04:00:00Z,2018-06-19,21.54,12.44,FOA,2018-06-19T03:34:51Z,2018-06-19T04:29:29Z
2018-06-20T03:40:00Z,2018-06-20T05:40:00Z,2018-06-20,23,13.07,FOA,2018-06-20T03:28:36Z,2018-06-20T04:24:05Z
2018-06-21T03:00:00Z,2018-06-21T05:00:00Z,2018-06-21,23.24,13.2,FOA,2018-06-21T03:27:37Z,2018-06-21T04:23:15Z
2018-06-22T02:15:00Z,2018-06-22T04:15:00Z,2018-06-22,22.27,12.56,FOA,2018-06-22T03:33:01Z,2018-06-22T04:28:04Z
2018-06-14T01:40:00Z,2018-06-14T03:40:00Z,2018-06-14,19.44,11.55,FOA,2018-06-14T03:43:09Z,2018-06-14T04:36:35Z
2018-06-15T02:20:00Z,2018-06-15T04:20:00Z,2018-06-15,19.35,11.48,FOA,2018-06-15T03:43:45Z,2018-06-15T04:37:10Z
2018-06-16T02:50:00Z,2018-06-16T04:50:00Z,2018-06-16,19.41,11.51,FOA,2018-06-16T03:43:35Z,2018-06-16T04:37:03Z
2018-06-17T02:30:00Z,2018-06-17T04:30:00Z,2018-06-17,19.56,11.58,FOA,2018-06-17T03:43:04Z,2018-06-17T04:36:37Z
2018-06-18T03:10:00Z,2018-06-18T05:10:00Z,2018-06-18,20.47,12.26,FOA,2018-06-18T03:38:11Z,2018-06-18T04:32:13Z
2018-06-19T02:40:00Z,2018-06-19T04:40:00Z,2018-06-19,20.5,12.32,FOA,2018-06-19T03:38:02Z,2018-06-19T04:32:05Z
2018-06-20T01:40:00Z,2018-06-20T03:40:00Z,2018-06-20,21.06,12.45,FOA,2018-06-20T03:36:15Z,2018-06-20T04:30:37Z
2018-07-08T02:10:00Z,2018-07-08T04:10:00Z,2018-07-08,22.09,12.54,FOA,2018-07-08T03:38:56Z,2018-07-08T04:33:19Z
2018-07-09T02:05:00Z,2018-07-09T04:05:00Z,2018-07-09,22.12,12.55,FOA,2018-07-09T03:39:15Z,2018-07-09T04:33:36Z
2018-07-10T02:05:00Z,2018-07-10T04:05:00Z,2018-07-10,22.12,12.55,FOA,2018-07-10T03:39:42Z,2018-07-10T04:33:59Z
2018-07-11T02:15:00Z,2018-07-11T04:15:00Z,2018-07-11,22.03,12.56,FOA,2018-07-11T03:40:21Z,2018-07-11T04:34:30Z
2018-07-02T02:45:00Z,2018-07-02T04:45:00Z,2018-07-02,20.27,12.09,FOA,2018-07-02T03:42:58Z,2018-07-02T04:36:42Z
2018-07-03T03:30:00Z,2018-07-03T05:30:00Z,2018-07-03,20.1,11.59,FOA,2018-07-03T03:45:45Z,2018-07-03T04:39:21Z
2018-07-04T02:20:00Z,2018-07-04T04:20:00Z,2018-07-04,19.59,12,FOA,2018-07-04T03:45:43Z,2018-07-04T04:39:02Z
2018-07-05T03:30:00Z,2018-07-05T05:30:00Z,2018-07-05,19.35,11.55,FOA,2018-07-05T03:48:28Z,2018-07-05T04:41:37Z
2018-07-12T04:34:00Z,2018-07-12T06:34:00Z,2018-07-12,21.56,12.54,FOA,2018-07-12T03:42:03Z,2018-07-12T04:35:53Z
2018-07-13T04:00:00Z,2018-07-13T06:00:00Z,2018-07-13,21.3,12.47,FOA,2018-07-13T03:43:26Z,2018-07-13T04:37:03Z
2018-07-14T04:04:00Z,2018-07-14T06:04:00Z,2018-07-14,21.26,12.43,FOA,2018-07-14T03:44:09Z,2018-07-14T04:37:40Z
2018-07-15T03:29:00Z,2018-07-15T05:29:00Z,2018-07-15,21.27,12.42,FOA,2018-07-15T03:44:38Z,2018-07-15T04:38:05Z
2018-07-16T03:34:00Z,2018-07-16T05:34:00Z,2018-07-16,21.12,12.47,FOA,2018-07-16T03:45:16Z,2018-07-16T04:38:33Z
2018-07-17T04:16:00Z,2018-07-17T06:16:00Z,2018-07-17,21.47,12.46,FOA,2018-07-17T03:44:58Z,2018-07-17T04:38:21Z
2018-07-15T02:30:00Z,2018-07-15T04:30:00Z,2018-07-15,20.56,12.4,FOA,2018-07-15T03:46:24Z,2018-07-15T04:39:29Z
2018-07-16T02:05:00Z,2018-07-16T04:05:00Z,2018-07-16,20.47,12.3,FOA,2018-07-16T03:47:28Z,2018-07-16T04:40:26Z
2018-07-17T02:35:00Z,2018-07-17T04:35:00Z,2018-07-17,20.47,12.29,FOA,2018-07-17T03:47:59Z,2018-07-17T04:40:52Z
2018-07-18T02:25:00Z,2018-07-18T04:25:00Z,2018-07-18,20.52,12.34,FOA,2018-07-18T03:48:08Z,2018-07-18T04:40:57Z
2018-07-16T02:30:00Z,2018-07-16T04:30:00Z,2018-07-16,20.56,12.45,FOA,2018-07-16T03:46:40Z,2018-07-16T04:39:40Z
2018-07-17T03:00:00Z,2018-07-17T05:00:00Z,2018-07-17,20.47,12.28,FOA,2018-07-17T03:48:01Z,2018-07-17T04:40:54Z
2018-07-18T02:50:00Z,2018-07-18T04:50:00Z,2018-07-18,20.47,12.28,FOA,2018-07-18T03:48:29Z,2018-07-18T04:41:17Z
2018-07-19T04:50:00Z,2018-07-19T06:50:00Z,2018-07-19,19.52,12,FOA,2018-07-19T03:52:13Z,2018-07-19T04:44:29Z
2018-07-20T02:00:00Z,2018-07-20T04:00:00Z,2018-07-20,20,12.02,FOA,2018-07-20T03:51:32Z,2018-07-20T04:43:56Z
2018-07-21T02:25:00Z,2018-07-21T04:25:00Z,2018-07-21,19.36,11.52,FOA,2018-07-21T03:55:24Z,2018-07-21T04:47:26Z
2018-07-22T02:45:00Z,2018-07-22T04:45:00Z,2018-07-22,19.37,11.58,FOA,2018-07-22T03:55:36Z,2018-07-22T04:47:33Z
2018-07-23T03:00:00Z,2018-07-23T05:00:00Z,2018-07-23,19.21,11.05,FOA,2018-07-23T03:58:31Z,2018-07-23T04:50:18Z
2018-04-13T01:30:00Z,2018-04-13T03:30:00Z,2018-04-13,23.26,13.2,FOA,2018-04-13T03:59:41Z,2018-04-13T04:49:33Z
2018-04-14T01:35:00Z,2018-04-14T03:35:00Z,2018-04-14,23.02,13.08,FOA,2018-04-14T03:59:29Z,2018-04-14T04:49:19Z
2018-04-15T01:35:00Z,2018-04-15T03:35:00Z,2018-04-15,22.59,13.07,FOA,2018-04-15T03:59:06Z,2018-04-15T04:48:51Z
2018-04-16T01:55:00Z,2018-04-16T03:55:00Z,2018-04-16,23.02,13.05,FOA,2018-04-16T03:57:41Z,2018-04-16T04:47:42Z
2018-04-17T01:40:00Z,2018-04-17T03:40:00Z,2018-04-17,22.52,13,FOA,2018-04-17T03:57:36Z,2018-04-17T04:47:29Z
2018-05-24T01:30:00Z,2018-05-24T03:30:00Z,2018-05-24,21.49,12.44,FOA,2018-05-24T03:37:10Z,2018-05-24T04:30:19Z
2018-05-25T02:00:00Z,2018-05-25T04:00:00Z,2018-05-25,21.5,12.45,FOA,2018-05-25T03:36:47Z,2018-05-25T04:30:02Z
2018-05-26T02:00:00Z,2018-05-26T04:00:00Z,2018-05-26,21.51,12.46,FOA,2018-05-26T03:36:24Z,2018-05-26T04:29:45Z
2018-05-27T02:00:00Z,2018-05-27T04:00:00Z,2018-05-27,21.48,12.46,FOA,2018-05-27T03:36:11Z,2018-05-27T04:29:36Z
2018-05-28T02:00:00Z,2018-05-28T04:00:00Z,2018-05-28,21.36,12.45,FOA,2018-05-28T03:36:14Z,2018-05-28T04:29:40Z
2018-05-29T02:00:00Z,2018-05-29T04:00:00Z,2018-05-29,21.45,12.43,FOA,2018-05-29T03:35:51Z,2018-05-29T04:29:25Z
2018-05-30T02:00:00Z,2018-05-30T04:00:00Z,2018-05-30,22.04,12.55,FOA,2018-05-30T03:33:42Z,2018-05-30T04:27:40Z
2018-05-31T03:00:00Z,2018-05-31T05:00:00Z,2018-05-31,22.02,12.49,FOA,2018-05-31T03:33:46Z,2018-05-31T04:27:48Z
2018-06-23T05:40:00Z,2018-06-23T07:40:00Z,2018-06-23,24.3,13.48,FOA,2018-06-23T03:23:58Z,2018-06-23T04:20:17Z
2018-06-24T05:40:00Z,2018-06-24T07:40:00Z,2018-06-24,24.28,13.49,FOA,2018-06-24T03:24:14Z,2018-06-24T04:20:31Z
2018-06-25T03:45:00Z,2018-06-25T05:45:00Z,2018-06-25,24.06,13.19,FOA,2018-06-25T03:26:19Z,2018-06-25T04:22:26Z
2018-06-26T04:15:00Z,2018-06-26T06:15:00Z,2018-06-26,23.05,13.1,FOA,2018-06-26T03:29:45Z,2018-06-26T04:25:13Z
2018-06-27T02:30:00Z,2018-06-27T04:30:00Z,2018-06-27,22.47,13.04,FOA,2018-06-27T03:31:51Z,2018-06-27T04:26:57Z
2018-06-28T04:30:00Z,2018-06-28T06:30:00Z,2018-06-28,22.46,13.06,FOA,2018-06-28T03:32:06Z,2018-06-28T04:27:10Z
2018-06-28T02:00:00Z,2018-06-28T04:00:00Z,2018-06-28,22.58,13.04,FOA,2018-06-28T03:31:51Z,2018-06-28T04:27:00Z
2018-06-22T03:30:00Z,2018-06-22T05:30:00Z,2018-06-22,22.3,12.52,FOA,2018-06-22T03:33:05Z,2018-06-22T04:28:09Z
2018-06-23T03:15:00Z,2018-06-23T05:15:00Z,2018-06-23,21.56,12.49,FOA,2018-06-23T03:35:24Z,2018-06-23T04:30:02Z
2018-06-24T02:15:00Z,2018-06-24T04:15:00Z,2018-06-24,21.58,12.44,FOA,2018-06-24T03:35:47Z,2018-06-24T04:30:26Z
2018-06-25T02:45:00Z,2018-06-25T04:45:00Z,2018-06-25,21.07,12.41,FOA,2018-06-25T03:37:29Z,2018-06-25T04:31:50Z
2018-06-26T02:40:00Z,2018-06-26T04:40:00Z,2018-06-26,26.08,12.44,FOA,2018-06-26T03:23:46Z,2018-06-26T04:21:16Z
2018-06-27T03:25:00Z,2018-06-27T05:25:00Z,2018-06-27,21.45,12.47,FOA,2018-06-27T03:36:49Z,2018-06-27T04:31:20Z
2018-07-25T00:00:00Z,2018-07-25T02:00:00Z,2018-07-25,22.19,12.55,FOA,2018-07-25T03:47:02Z,2018-07-25T04:40:02Z
2018-07-26T00:20:00Z,2018-07-26T02:20:00Z,2018-07-26,23,13.21,FOA,2018-07-26T03:43:07Z,2018-07-26T04:36:26Z
2018-07-27T00:20:00Z,2018-07-27T02:20:00Z,2018-07-27,22.4,12.5,FOA,2018-07-27T03:47:50Z,2018-07-27T04:40:44Z
2018-07-28T00:00:00Z,2018-07-28T02:00:00Z,2018-07-28,22.51,13,FOA,2018-07-28T03:46:08Z,2018-07-28T04:38:59Z
2018-07-29T00:00:00Z,2018-07-29T02:00:00Z,2018-07-29,23.18,13.18,FOA,2018-07-29T03:44:30Z,2018-07-29T04:37:35Z
2018-07-30T00:45:00Z,2018-07-30T02:45:00Z,2018-07-30,23.22,13.2,FOA,2018-07-30T03:44:53Z,2018-07-30T04:37:53Z
2018-07-25T02:15:00Z,2018-07-25T04:15:00Z,2018-07-25,23.23,13.2,FOA,2018-07-25T03:42:05Z,2018-07-25T04:35:38Z
2018-07-26T02:20:00Z,2018-07-26T04:20:00Z,2018-07-26,23.01,13.2,FOA,2018-07-26T03:43:08Z,2018-07-26T04:36:27Z
2018-07-27T02:00:00Z,2018-07-27T04:00:00Z,2018-07-27,22.49,13.13,FOA,2018-07-27T03:45:07Z,2018-07-27T04:38:03Z
2018-07-27T04:01:00Z,2018-07-27T06:01:00Z,2018-07-27,22.58,13.12,FOA,2018-07-27T03:44:58Z,2018-07-27T04:37:57Z
2018-07-28T02:07:00Z,2018-07-28T04:07:00Z,2018-07-28,22.55,13.14,FOA,2018-07-28T03:45:29Z,2018-07-28T04:38:21Z
2018-07-29T02:15:00Z,2018-07-29T04:15:00Z,2018-07-29,22.58,13.23,FOA,2018-07-29T03:45:36Z,2018-07-29T04:38:22Z
2018-07-30T02:10:00Z,2018-07-30T04:10:00Z,2018-07-30,22.54,13.24,FOA,2018-07-30T03:46:11Z,2018-07-30T04:38:50Z
2018-07-10T02:21:00Z,2018-07-10T04:21:00Z,2018-07-10,21.47,12.46,FOA,2018-07-10T03:41:41Z,2018-07-10T04:35:37Z
2018-07-11T03:48:00Z,2018-07-11T05:48:00Z,2018-07-11,21.3,12.46,FOA,2018-07-11T03:42:33Z,2018-07-11T04:36:19Z
2018-07-12T03:02:00Z,2018-07-12T05:02:00Z,2018-07-12,21.53,12.49,FOA,2018-07-12T03:42:19Z,2018-07-12T04:36:08Z
2018-07-13T02:15:00Z,2018-07-13T04:15:00Z,2018-07-13,22,12.49,FOA,2018-07-13T03:41:38Z,2018-07-13T04:35:37Z
2018-07-14T02:32:00Z,2018-07-14T04:32:00Z,2018-07-14,21.49,12.44,FOA,2018-07-14T03:43:33Z,2018-07-14T04:37:12Z
2018-07-15T06:00:00Z,2018-07-15T08:00:00Z,2018-07-15,22.39,12.55,FOA,2018-07-15T03:41:24Z,2018-07-15T04:35:27Z
2018-02-21T01:10:00Z,2018-02-21T03:10:00Z,2018-02-21,23.32,13.13,FOA,2018-02-21T04:48:10Z,2018-02-21T05:37:24Z
2018-02-22T01:10:00Z,2018-02-22T03:10:00Z,2018-02-22,23.42,13.14,FOA,2018-02-22T04:47:27Z,2018-02-22T05:36:41Z
2018-02-23T01:10:00Z,2018-02-23T03:10:00Z,2018-02-23,23.51,13.27,FOA,2018-02-23T04:46:15Z,2018-02-23T05:35:27Z
2018-02-24T02:00:00Z,2018-02-24T04:00:00Z,2018-02-24,23.5,13.26,FOA,2018-02-24T04:45:32Z,2018-02-24T05:34:41Z
2018-02-25T02:00:00Z,2018-02-25T04:00:00Z,2018-02-25,23.19,13.22,FOA,2018-02-25T04:44:49Z,2018-02-25T05:33:48Z
2018-02-26T02:00:00Z,2018-02-26T04:00:00Z,2018-02-26,23.28,13.2,FOA,2018-02-26T04:44:09Z,2018-02-26T05:33:08Z
2018-02-27T02:50:00Z,2018-02-27T04:50:00Z,2018-02-27,23.27,13.2,FOA,2018-02-27T04:43:21Z,2018-02-27T05:32:18Z
2009-07-01T08:00:00Z,2009-07-01T11:03:00Z,2009-07-01,-24.22,13.3,ATF,2009-07-01T04:58:58Z,2009-07-01T05:52:00Z
2009-07-01T03:00:00Z,2009-07-01T06:00:00Z,2009-07-01,-20.77,12.47,ATF,2009-07-01T04:56:46Z,2009-07-01T05:48:26Z
2009-07-01T02:00:00Z,2009-07-01T05:22:00Z,2009-07-01,-20.72,12.55,ATF,2009-07-01T04:56:23Z,2009-07-01T05:48:01Z
2009-07-01T05:50:00Z,2009-07-01T08:30:00Z,2009-07-01,-20.65,12.33,ATF,2009-07-01T04:57:09Z,2009-07-01T05:48:46Z
2009-07-01T02:29:00Z,2009-07-01T04:16:00Z,2009-07-01,-20.62,12.3,ATF,2009-07-01T04:57:13Z,2009-07-01T05:48:50Z
2009-07-01T04:44:00Z,2009-07-01T05:37:00Z,2009-07-01,-20.62,12.3,ATF,2009-07-01T04:57:13Z,2009-07-01T05:48:50Z
2009-07-01T01:53:00Z,2009-07-01T03:15:00Z,2009-07-01,-20.5,12.17,ATF,2009-07-01T04:57:33Z,2009-07-01T05:49:07Z
2009-07-01T03:22:00Z,2009-07-01T04:30:00Z,2009-07-01,-20.42,12.18,ATF,2009-07-01T04:57:23Z,2009-07-01T05:48:55Z
2009-07-01T01:49:00Z,2009-07-01T04:18:00Z,2009-07-01,-20.42,12.13,ATF,2009-07-01T04:57:35Z,2009-07-01T05:49:07Z
2009-07-01T02:26:00Z,2009-07-01T05:18:00Z,2009-07-01,-20.33,12.15,ATF,2009-07-01T04:57:21Z,2009-07-01T05:48:52Z
2010-03-01T02:00:00Z,2010-03-01T03:10:00Z,2010-03-01,-24.12,13.45,ATF,2010-03-01T04:12:44Z,2010-03-01T05:02:40Z
2010-03-01T03:20:00Z,2010-03-01T04:35:00Z,2010-03-01,-23.98,13.43,ATF,2010-03-01T04:12:58Z,2010-03-01T05:02:50Z
2010-02-28T22:55:00Z,2010-03-01T02:50:00Z,2010-03-01,-23.92,13.43,ATF,2010-03-01T04:13:01Z,2010-03-01T05:02:52Z
2010-03-01T03:20:00Z,2010-03-01T04:40:00Z,2010-03-01,-23.88,13.37,ATF,2010-03-01T04:13:18Z,2010-03-01T05:03:08Z
2010-03-01T03:40:00Z,2010-03-01T04:00:00Z,2010-03-01,-23.8,13.4,ATF,2010-03-01T04:13:17Z,2010-03-01T05:03:04Z
2010-03-01T01:50:00Z,2010-03-01T04:30:00Z,2010-03-01,-22.87,13.05,ATF,2010-03-01T04:15:40Z,2010-03-01T05:05:05Z
2010-03-01T02:20:00Z,2010-03-01T03:22:00Z,2010-03-01,-22.78,13.13,ATF,2010-03-01T04:15:27Z,2010-03-01T05:04:50Z
2010-03-01T03:28:00Z,2010-03-01T04:45:00Z,2010-03-01,-22.72,13.15,ATF,2010-03-01T04:15:26Z,2010-03-01T05:04:47Z
2010-03-01T02:30:00Z,2010-03-01T04:30:00Z,2010-03-01,-22.55,13,ATF,2010-03-01T04:16:13Z,2010-03-01T05:05:30Z
2010-05-01T00:14:00Z,2010-05-01T02:05:00Z,2010-05-01,-22.93,13.47,ATF,2010-05-01T04:36:53Z,2010-05-01T05:26:49Z
2010-05-01T00:55:00Z,2010-05-01T02:20:00Z,2010-05-01,-22.77,13.32,ATF,2010-05-01T04:37:20Z,2010-05-01T05:27:13Z
2010-05-01T02:13:00Z,2010-05-01T03:07:00Z,2010-05-01,-22.77,13.15,ATF,2010-05-01T04:38:01Z,2010-05-01T05:27:54Z
2010-05-01T01:45:00Z,2010-05-01T03:55:00Z,2010-05-01,-22.73,13.08,ATF,2010-05-01T04:38:16Z,2010-05-01T05:28:08Z
2010-05-01T03:13:00Z,2010-05-01T04:25:00Z,2010-05-01,-22.7,13.28,ATF,2010-05-01T04:37:26Z,2010-05-01T05:27:17Z
2010-05-01T01:02:00Z,2010-05-01T02:47:00Z,2010-05-01,-22.7,13.3,ATF,2010-05-01T04:37:21Z,2010-05-01T05:27:13Z
2010-05-01T03:00:00Z,2010-05-01T04:50:00Z,2010-05-01,-22.63,13.08,ATF,2010-05-01T04:38:11Z,2010-05-01T05:28:00Z
2010-05-01T04:22:00Z,2010-05-01T05:33:00Z,2010-05-01,-22.62,13.05,ATF,2010-05-01T04:38:17Z,2010-05-01T05:28:07Z
2010-05-01T02:31:00Z,2010-05-01T04:06:00Z,2010-05-01,-22.52,12.98,ATF,2010-05-01T04:38:29Z,2010-05-01T05:28:16Z
2010-05-01T04:14:00Z,2010-05-01T05:24:00Z,2010-05-01,-22.48,12.98,ATF,2010-05-01T04:38:27Z,2010-05-01T05:28:13Z
2010-07-01T01:11:00Z,2010-07-01T02:33:00Z,2010-07-01,-26,14.05,ATF,2010-07-01T04:58:49Z,2010-07-01T05:52:42Z
2010-07-01T02:43:00Z,2010-07-01T04:06:00Z,2010-07-01,-25.85,13.93,ATF,2010-07-01T04:59:04Z,2010-07-01T05:52:52Z
2010-07-01T01:28:00Z,2010-07-01T03:48:00Z,2010-07-01,-25.82,13.88,ATF,2010-07-01T04:59:13Z,2010-07-01T05:53:00Z
2010-07-01T02:07:00Z,2010-07-01T03:25:00Z,2010-07-01,-25.82,13.98,ATF,2010-07-01T04:58:49Z,2010-07-01T05:52:36Z
2010-07-01T10:05:00Z,2010-07-01T11:42:00Z,2010-07-01,-25.8,13.98,ATF,2010-07-01T04:58:47Z,2010-07-01T05:52:34Z
2010-07-01T04:00:00Z,2010-07-01T05:57:00Z,2010-07-01,-25.77,13.95,ATF,2010-07-01T04:58:51Z,2010-07-01T05:52:37Z
2010-07-01T04:00:00Z,2010-07-01T05:10:00Z,2010-07-01,-25.72,13.85,ATF,2010-07-01T04:59:10Z,2010-07-01T05:52:55Z
2010-07-01T06:03:00Z,2010-07-01T06:53:00Z,2010-07-01,-25.72,13.83,ATF,2010-07-01T04:59:15Z,2010-07-01T05:53:00Z
2010-07-01T03:00:00Z,2010-07-01T04:56:00Z,2010-07-01,-23.98,13.52,ATF,2010-07-01T04:57:41Z,2010-07-01T05:50:37Z
2010-09-01T01:30:00Z,2010-09-01T02:30:00Z,2010-09-01,-26.85,14.48,ATF,2010-09-01T04:26:26Z,2010-09-01T05:16:48Z
2010-09-01T04:40:00Z,2010-09-01T05:47:00Z,2010-09-01,-26.83,14.5,ATF,2010-09-01T04:26:21Z,2010-09-01T05:16:43Z
2010-08-31T22:00:00Z,2010-09-01T00:30:00Z,2010-09-01,-26.75,14.43,ATF,2010-09-01T04:26:37Z,2010-09-01T05:16:56Z
2010-09-01T01:30:00Z,2010-09-01T02:00:00Z,2010-09-01,-26.58,14.35,ATF,2010-09-01T04:26:53Z,2010-09-01T05:17:08Z
2010-09-01T01:04:00Z,2010-09-01T02:33:00Z,2010-09-01,-23.33,13.32,ATF,2010-09-01T04:30:05Z,2010-09-01T05:19:03Z
2010-09-01T02:45:00Z,2010-09-01T04:10:00Z,2010-09-01,-23.22,13.33,ATF,2010-09-01T04:30:01Z,2010-09-01T05:18:56Z
2010-09-01T02:40:00Z,2010-09-01T04:03:00Z,2010-09-01,-23.2,13.4,ATF,2010-09-01T04:29:44Z,2010-09-01T05:18:38Z
2010-09-01T04:14:00Z,2010-09-01T05:23:00Z,2010-09-01,-23.17,13.4,ATF,2010-09-01T04:29:43Z,2010-09-01T05:18:37Z
2010-09-01T02:50:00Z,2010-09-01T05:10:00Z,2010-09-01,-23.17,13.33,ATF,2010-09-01T04:30:00Z,2010-09-01T05:18:54Z
2010-09-01T05:20:00Z,2010-09-01T07:00:00Z,2010-09-01,-23.08,13.37,ATF,2010-09-01T04:29:49Z,2010-09-01T05:18:41Z
2010-09-01T02:00:00Z,2010-09-01T03:45:00Z,2010-09-01,-22.98,13.4,ATF,2010-09-01T04:29:40Z,2010-09-01T05:18:29Z
2010-09-01T04:00:00Z,2010-09-01T05:10:00Z,2010-09-01,-22.95,13.42,ATF,2010-09-01T04:29:34Z,2010-09-01T05:18:24Z
2010-11-01T02:00:00Z,2010-11-01T03:00:00Z,2010-11-01,-23.8,13.22,ATF,2010-11-01T03:30:29Z,2010-11-01T04:22:07Z
2010-11-01T03:30:00Z,2010-11-01T04:30:00Z,2010-11-01,-23.3,13.35,ATF,2010-11-01T03:30:50Z,2010-11-01T04:22:14Z
2010-11-01T02:35:00Z,2010-11-01T04:00:00Z,2010-11-01,-23.13,13.35,ATF,2010-11-01T03:31:08Z,2010-11-01T04:22:27Z
2010-11-01T04:10:00Z,2010-11-01T05:20:00Z,2010-11-01,-23.13,13.35,ATF,2010-11-01T03:31:08Z,2010-11-01T04:22:27Z
2010-11-01T01:40:00Z,2010-11-01T02:53:00Z,2010-11-01,-23.1,13.38,ATF,2010-11-01T03:31:04Z,2010-11-01T04:22:22Z
2010-11-01T03:03:00Z,2010-11-01T04:22:00Z,2010-11-01,-22.97,13.37,ATF,2010-11-01T03:31:19Z,2010-11-01T04:22:34Z
2010-11-01T03:10:00Z,2010-11-01T04:22:00Z,2010-11-01,-22.95,13.37,ATF,2010-11-01T03:31:21Z,2010-11-01T04:22:35Z
2010-11-01T04:33:00Z,2010-11-01T05:48:00Z,2010-11-01,-22.93,13.33,ATF,2010-11-01T03:31:33Z,2010-11-01T04:22:46Z
2010-11-01T04:00:00Z,2010-11-01T06:00:00Z,2010-11-01,-22.8,13.27,ATF,2010-11-01T03:32:01Z,2010-11-01T04:23:10Z
2010-12-01T00:40:00Z,2010-12-01T01:15:00Z,2010-12-01,-23.67,13.2,ATF,2010-12-01T03:18:24Z,2010-12-01T04:13:19Z
2010-12-01T02:30:00Z,2010-12-01T04:20:00Z,2010-12-01,-23.63,13.22,ATF,2010-12-01T03:18:26Z,2010-12-01T04:13:19Z
2010-12-01T01:30:00Z,2010-12-01T03:10:00Z,2010-12-01,-23.52,13.23,ATF,2010-12-01T03:18:40Z,2010-12-01T04:13:30Z
2010-12-01T03:30:00Z,2010-12-01T05:55:00Z,2010-12-01,-23.45,13.33,ATF,2010-12-01T03:18:27Z,2010-12-01T04:13:14Z
2010-12-01T02:50:00Z,2010-12-01T03:55:00Z,2010-12-01,-23.1,13.38,ATF,2010-12-01T03:19:08Z,2010-12-01T04:13:43Z
2010-12-01T04:00:00Z,2010-12-01T05:40:00Z,2010-12-01,-22.95,13.38,ATF,2010-12-01T03:19:31Z,2010-12-01T04:14:01Z
2010-12-01T05:20:00Z,2010-12-01T06:00:00Z,2010-12-01,-22.93,13.4,ATF,2010-12-01T03:19:29Z,2010-12-01T04:13:58Z
2011-02-01T02:40:00Z,2011-02-01T03:57:00Z,2011-02-01,-25.4,13.73,ATF,2011-02-01T03:48:36Z,2011-02-01T04:42:11Z
2011-02-01T04:00:00Z,2011-02-01T05:44:00Z,2011-02-01,-25.23,13.68,ATF,2011-02-01T03:49:10Z,2011-02-01T04:42:39Z
2011-02-01T03:10:00Z,2011-02-01T05:48:00Z,2011-02-01,-25.07,13.7,ATF,2011-02-01T03:49:26Z,2011-02-01T04:42:49Z
2011-02-01T03:10:00Z,2011-02-01T06:10:00Z,2011-02-01,-24.83,13.73,ATF,2011-02-01T03:49:49Z,2011-02-01T04:43:04Z
2011-02-01T02:00:00Z,2011-02-01T03:50:00Z,2011-02-01,-24.57,13.78,ATF,2011-02-01T03:50:10Z,2011-02-01T04:43:16Z
2011-02-01T04:10:00Z,2011-02-01T05:54:00Z,2011-02-01,-24.53,13.78,ATF,2011-02-01T03:50:15Z,2011-02-01T04:43:20Z
2011-02-01T04:30:00Z,2011-02-01T05:55:00Z,2011-02-01,-24.4,13.8,ATF,2011-02-01T03:50:26Z,2011-02-01T04:43:27Z
2011-02-01T06:10:00Z,2011-02-01T07:55:00Z,2011-02-01,-24.38,13.73,ATF,2011-02-01T03:50:45Z,2011-02-01T04:43:46Z
2011-02-01T05:00:00Z,2011-02-01T06:55:00Z,2011-02-01,-24.33,13.7,ATF,2011-02-01T03:50:59Z,2011-02-01T04:43:58Z
2011-05-01T03:00:00Z,2011-05-01T05:13:00Z,2011-05-01,-23.97,13.35,ATF,2011-05-01T04:38:10Z,2011-05-01T05:28:29Z
2011-05-01T00:45:00Z,2011-05-01T03:16:00Z,2011-05-01,-23.9,13.33,ATF,2011-05-01T04:38:11Z,2011-05-01T05:28:28Z
2011-05-01T00:55:00Z,2011-05-01T03:23:00Z,2011-05-01,-23.63,13.33,ATF,2011-05-01T04:37:57Z,2011-05-01T05:28:08Z
2011-08-01T01:02:00Z,2011-08-01T03:37:00Z,2011-08-01,-22.6,13.02,ATF,2011-08-01T04:52:19Z,2011-08-01T05:42:55Z
2011-08-01T01:03:00Z,2011-08-01T03:40:00Z,2011-08-01,-22.13,12.88,ATF,2011-08-01T04:52:20Z,2011-08-01T05:42:46Z
2011-08-01T01:00:00Z,2011-08-01T02:19:00Z,2011-08-01,-22.13,12.92,ATF,2011-08-01T04:52:11Z,2011-08-01T05:42:37Z
2011-08-01T02:25:00Z,2011-08-01T03:50:00Z,2011-08-01,-22.13,12.9,ATF,2011-08-01T04:52:15Z,2011-08-01T05:42:41Z
2011-08-01T01:28:00Z,2011-08-01T02:44:00Z,2011-08-01,-21.9,12.82,ATF,2011-08-01T04:52:19Z,2011-08-01T05:42:40Z
2011-08-01T02:53:00Z,2011-08-01T04:19:00Z,2011-08-01,-21.82,12.52,ATF,2011-08-01T04:53:25Z,2011-08-01T05:43:45Z
2011-08-01T01:34:00Z,2011-08-01T04:10:00Z,2011-08-01,-21.75,12.78,ATF,2011-08-01T04:52:18Z,2011-08-01T05:42:36Z
2011-08-01T01:20:00Z,2011-08-01T04:00:00Z,2011-08-01,-21.4,12.83,ATF,2011-08-01T04:51:42Z,2011-08-01T05:41:53Z
2011-08-01T02:00:00Z,2011-08-01T03:28:00Z,2011-08-01,-21.3,12.9,ATF,2011-08-01T04:51:18Z,2011-08-01T05:41:27Z
2012-06-22T02:05:00Z,2012-06-22T03:25:00Z,2012-06-22,-22.93,13.35,ATF,2012-06-22T04:55:32Z,2012-06-22T05:48:10Z
2012-06-22T03:25:00Z,2012-06-22T04:56:00Z,2012-06-22,-22.93,13.33,ATF,2012-06-22T04:55:37Z,2012-06-22T05:48:15Z
2012-06-23T02:27:00Z,2012-06-23T03:52:00Z,2012-06-23,-24.65,13.77,ATF,2012-06-23T04:56:51Z,2012-06-23T05:50:14Z
2012-06-23T03:52:00Z,2012-06-23T05:01:00Z,2012-06-23,-24.65,13.77,ATF,2012-06-23T04:56:51Z,2012-06-23T05:50:14Z
2012-06-24T03:07:00Z,2012-06-24T04:24:00Z,2012-06-24,-24.65,13.77,ATF,2012-06-24T04:57:01Z,2012-06-24T05:50:23Z
2012-06-24T04:36:00Z,2012-06-24T05:38:00Z,2012-06-24,-24.65,13.77,ATF,2012-06-24T04:57:01Z,2012-06-24T05:50:23Z
2012-06-25T04:15:00Z,2012-06-25T05:15:00Z,2012-06-25,-24.65,13.77,ATF,2012-06-25T04:57:10Z,2012-06-25T05:50:32Z
2012-06-25T02:58:00Z,2012-06-25T04:15:00Z,2012-06-25,-24.65,13.77,ATF,2012-06-25T04:57:10Z,2012-06-25T05:50:32Z
2012-06-26T04:03:00Z,2012-06-26T05:07:00Z,2012-06-26,-24.65,13.77,ATF,2012-06-26T04:57:19Z,2012-06-26T05:50:39Z
2012-06-26T04:07:00Z,2012-06-26T05:12:00Z,2012-06-26,-24.65,13.77,ATF,2012-06-26T04:57:19Z,2012-06-26T05:50:39Z
2012-06-27T02:50:00Z,2012-06-27T03:54:00Z,2012-06-27,-24.65,13.77,ATF,2012-06-27T04:57:26Z,2012-06-27T05:50:46Z
2012-06-30T02:40:00Z,2012-06-30T03:51:00Z,2012-06-30,-22.98,13.35,ATF,2012-06-30T04:56:43Z,2012-06-30T05:49:15Z
2012-06-30T04:04:00Z,2012-06-30T05:02:00Z,2012-06-30,-22.97,13.37,ATF,2012-06-30T04:56:37Z,2012-06-30T05:49:09Z
2012-07-02T02:25:00Z,2012-07-02T03:43:00Z,2012-07-02,-22.9,13.28,ATF,2012-07-02T04:57:00Z,2012-07-02T05:49:27Z
2012-07-02T03:53:00Z,2012-07-02T05:04:00Z,2012-07-02,-22.9,13.27,ATF,2012-07-02T04:57:03Z,2012-07-02T05:49:29Z
2012-07-03T04:25:00Z,2012-07-03T05:32:00Z,2012-07-03,-22.93,13.3,ATF,2012-07-03T04:57:01Z,2012-07-03T05:49:27Z
2012-07-03T02:34:00Z,2012-07-03T04:03:00Z,2012-07-03,-22.92,13.27,ATF,2012-07-03T04:57:08Z,2012-07-03T05:49:33Z
2012-07-04T04:10:00Z,2012-07-04T05:15:00Z,2012-07-04,-23.1,13.42,ATF,2012-07-04T04:56:51Z,2012-07-04T05:49:18Z
2012-07-04T02:40:00Z,2012-07-04T04:00:00Z,2012-07-04,-23.07,13.43,ATF,2012-07-04T04:56:45Z,2012-07-04T05:49:12Z
2012-07-22T03:00:00Z,2012-07-22T05:30:00Z,2012-07-22,-24.38,13.82,ATF,2012-07-22T04:54:44Z,2012-07-22T05:46:43Z
2012-07-22T04:20:00Z,2012-07-22T05:20:00Z,2012-07-22,-24.3,13.75,ATF,2012-07-22T04:54:54Z,2012-07-22T05:46:51Z
2012-07-23T05:20:00Z,2012-07-23T06:15:00Z,2012-07-23,-23.52,13.25,ATF,2012-07-23T04:55:34Z,2012-07-23T05:47:07Z
2012-07-23T04:45:00Z,2012-07-23T06:05:00Z,2012-07-23,-23.52,13.25,ATF,2012-07-23T04:55:34Z,2012-07-23T05:47:07Z
2012-07-24T03:20:00Z,2012-07-24T04:45:00Z,2012-07-24,-22.45,12.9,ATF,2012-07-24T04:55:16Z,2012-07-24T05:46:20Z
2012-07-24T02:00:00Z,2012-07-24T03:15:00Z,2012-07-24,-22.45,12.9,ATF,2012-07-24T04:55:16Z,2012-07-24T05:46:20Z
2012-07-25T03:15:00Z,2012-07-25T04:20:00Z,2012-07-25,-22.08,12.95,ATF,2012-07-25T04:54:17Z,2012-07-25T05:45:09Z
2012-07-25T02:00:00Z,2012-07-25T03:20:00Z,2012-07-25,-22.08,12.95,ATF,2012-07-25T04:54:17Z,2012-07-25T05:45:09Z
2012-07-26T03:50:00Z,2012-07-26T05:05:00Z,2012-07-26,-22.12,12.95,ATF,2012-07-26T04:54:01Z,2012-07-26T05:44:49Z
2012-07-26T05:05:00Z,2012-07-26T05:15:00Z,2012-07-26,-22.08,12.93,ATF,2012-07-26T04:54:03Z,2012-07-26T05:44:50Z
2012-07-27T02:45:00Z,2012-07-27T05:00:00Z,2012-07-27,-22.8,13.22,ATF,2012-07-27T04:53:26Z,2012-07-27T05:44:26Z
2016-11-19T01:10:00Z,2016-11-19T03:00:00Z,2016-11-19,-22.48833333,12.915,ATF,2016-11-19T03:24:29Z,2016-11-19T04:17:34Z
2016-11-20T01:30:00Z,2016-11-20T03:30:00Z,2016-11-20,-22.23333333,12.93833333,ATF,2016-11-20T03:24:40Z,2016-11-20T04:17:44Z
2016-11-21T03:00:00Z,2016-11-21T04:30:00Z,2016-11-21,-22.19333333,12.93333333,ATF,2016-11-21T03:24:31Z,2016-11-21T04:17:39Z
2016-11-22T03:00:00Z,2016-11-22T04:50:00Z,2016-11-22,-23.39833333,12.765,ATF,2016-11-22T03:22:08Z,2016-11-22T04:16:02Z
2017-01-13T01:50:00Z,2017-01-13T03:30:00Z,2017-01-13,-23.49666667,13.26333333,ATF,2017-01-13T03:38:49Z,2017-01-13T04:33:26Z
2017-01-14T01:40:00Z,2017-01-14T03:30:00Z,2017-01-14,-23.755,13.30833333,ATF,2017-01-14T03:38:49Z,2017-01-14T04:33:29Z
2017-01-15T01:40:00Z,2017-01-15T03:45:00Z,2017-01-15,-23.59666667,13.35666667,ATF,2017-01-15T03:39:51Z,2017-01-15T04:34:20Z
2017-01-16T01:45:00Z,2017-01-16T04:00:00Z,2017-01-16,-23.14166667,13.365,ATF,2017-01-16T03:41:46Z,2017-01-16T04:35:53Z
2017-01-17T03:00:00Z,2017-01-17T04:00:00Z,2017-01-17,-22.78,13.17166667,ATF,2017-01-17T03:44:14Z,2017-01-17T04:38:03Z
2017-02-26T23:05:00Z,2017-02-27T00:00:00Z,2017-02-27,-24.35666667,13.39833333,ATF,2017-02-27T04:11:36Z,2017-02-27T05:01:46Z
2017-02-28T02:05:00Z,2017-02-28T04:00:00Z,2017-02-28,-23.54833333,13.30833333,ATF,2017-02-28T04:13:27Z,2017-02-28T05:03:13Z
2017-03-01T03:10:00Z,2017-03-01T04:30:00Z,2017-03-01,-23.445,13.285,ATF,2017-03-01T04:14:13Z,2017-03-01T05:03:51Z
2017-03-02T01:45:00Z,2017-03-02T03:45:00Z,2017-03-02,-23.49833333,13.315,ATF,2017-03-02T04:14:35Z,2017-03-02T05:04:11Z
2017-04-04T02:45:00Z,2017-04-04T04:10:00Z,2017-04-04,-24.145,13.375,ATF,2017-04-04T04:28:12Z,2017-04-04T05:17:15Z
2017-04-05T03:25:00Z,2017-04-05T05:00:00Z,2017-04-05,-24.245,13.66666667,ATF,2017-04-05T04:27:24Z,2017-04-05T05:16:31Z
2017-04-06T02:30:00Z,2017-04-06T04:00:00Z,2017-04-06,-22.85222222,13.4,ATF,2017-04-06T04:28:38Z,2017-04-06T05:17:16Z
2017-04-07T02:05:00Z,2017-04-07T04:00:00Z,2017-04-07,-22.60333333,13.11666667,ATF,2017-04-07T04:30:03Z,2017-04-07T05:18:37Z
2017-04-08T02:10:00Z,2017-04-08T05:00:00Z,2017-04-08,-22.61166667,13.08333333,ATF,2017-04-08T04:30:30Z,2017-04-08T05:19:06Z
2017-04-09T03:00:00Z,2017-04-09T05:00:00Z,2017-04-09,-22.595,13.05166667,ATF,2017-04-09T04:30:57Z,2017-04-09T05:19:34Z
2017-04-10T03:00:00Z,2017-04-10T04:30:00Z,2017-04-10,-22.65,13.06666667,ATF,2017-04-10T04:31:13Z,2017-04-10T05:19:54Z
2017-06-11T02:55:00Z,2017-06-11T02:55:00Z,2017-06-11,-22.61666667,13.03333333,ATF,2017-06-11T04:53:30Z,2017-06-11T05:45:52Z
2017-06-12T02:50:00Z,2017-06-12T04:45:00Z,2017-06-12,-22.57166667,13.14833333,ATF,2017-06-12T04:53:16Z,2017-06-12T05:45:38Z
2017-06-13T03:30:00Z,2017-06-13T04:30:00Z,2017-06-13,-22.99666667,13.39666667,ATF,2017-06-13T04:53:14Z,2017-06-13T05:45:48Z
2017-06-14T03:00:00Z,2017-06-14T05:00:00Z,2017-06-14,-22.96666667,13.40666667,ATF,2017-06-14T04:53:26Z,2017-06-14T05:46:00Z
2017-06-15T02:50:00Z,2017-06-15T05:00:00Z,2017-06-15,-22.96666667,13.33666667,ATF,2017-06-15T04:53:59Z,2017-06-15T05:46:35Z
2017-07-30T18:00:00Z,2017-07-30T19:00:00Z,2017-07-30,-19.33472222,11.76833333,ATF,2017-07-30T04:54:07Z,2017-07-30T05:43:44Z
2017-07-31T03:00:00Z,2017-07-31T05:30:00Z,2017-07-31,-19.20138889,11.71694444,ATF,2017-07-31T04:53:50Z,2017-07-31T05:43:20Z
2017-08-01T03:30:00Z,2017-08-01T05:40:00Z,2017-08-01,-19.21861111,11.735,ATF,2017-08-01T04:53:25Z,2017-08-01T05:42:52Z
2017-08-02T03:00:00Z,2017-08-02T05:00:00Z,2017-08-02,-19.185,11.71694444,ATF,2017-08-02T04:53:05Z,2017-08-02T05:42:26Z
2017-09-14T03:30:00Z,2017-09-14T05:52:00Z,2017-09-14,-21.65027778,12.78444444,ATF,2017-09-14T04:19:31Z,2017-09-14T05:07:36Z
2017-09-15T02:55:00Z,2017-09-15T05:15:00Z,2017-09-15,-21.5175,12.76916667,ATF,2017-09-15T04:18:38Z,2017-09-15T05:06:39Z
2017-09-16T02:25:00Z,2017-09-16T04:44:00Z,2017-09-16,-21.50222222,12.75,ATF,2017-09-16T04:17:44Z,2017-09-16T05:05:45Z
2017-09-17T02:15:00Z,2017-09-17T04:36:00Z,2017-09-17,-21.21722222,12.76861111,ATF,2017-09-17T04:16:44Z,2017-09-17T05:04:39Z
2017-09-18T02:18:00Z,2017-09-18T04:41:00Z,2017-09-18,-21.00055556,12.75138889,ATF,2017-09-18T04:15:52Z,2017-09-18T05:03:44Z
2017-09-19T02:18:00Z,2017-09-19T04:35:00Z,2017-09-19,-20.83388889,12.68333333,ATF,2017-09-19T04:15:13Z,2017-09-19T05:03:01Z
2017-09-20T03:35:00Z,2017-09-20T05:15:00Z,2017-09-20,-21.80138889,12.88388889,ATF,2017-09-20T04:13:11Z,2017-09-20T05:01:19Z
2017-12-02T02:00:00Z,2017-12-02T04:00:00Z,2017-12-02,-22.30166667,12.90222222,ATF,2017-12-02T03:23:03Z,2017-12-02T04:17:16Z
2017-12-03T01:31:00Z,2017-12-03T04:00:00Z,2017-12-03,-22.35138889,12.9025,ATF,2017-12-03T03:22:57Z,2017-12-03T04:17:17Z
2017-12-04T01:40:00Z,2017-12-04T04:00:00Z,2017-12-04,-22.46833333,12.8833333,ATF,2017-12-04T03:22:46Z,2017-12-04T04:17:15Z
2017-12-05T01:33:00Z,2017-12-05T03:50:00Z,2017-12-05,-22.76694444,22.485,ATF,2017-12-05T02:43:40Z,2017-12-05T03:38:23Z
2017-12-06T03:04:00Z,2017-12-06T05:25:00Z,2017-12-06,-21.66722222,12.7508333,ATF,2017-12-06T03:25:31Z,2017-12-06T04:19:41Z
2018-01-18T02:00:00Z,2018-01-18T04:30:00Z,2018-01-18,-22.38472222,12.90083333,ATF,2018-01-18T03:46:52Z,2018-01-18T04:40:23Z
2018-01-19T02:00:00Z,2018-01-19T03:15:00Z,2018-01-19,-22.40083333,12.86666667,ATF,2018-01-19T03:47:47Z,2018-01-19T04:41:13Z
2018-01-20T02:00:00Z,2018-01-20T04:00:00Z,2018-01-20,-22.9,13.21777778,ATF,2018-01-20T03:46:03Z,2018-01-20T04:39:38Z
2018-01-21T02:00:00Z,2018-01-21T09:00:00Z,2018-01-21,-22.53555556,13.05888889,ATF,2018-01-21T03:48:21Z,2018-01-21T04:41:39Z
2018-01-22T02:00:00Z,2018-01-22T09:00:00Z,2018-01-22,-22.83416667,13.35194444,ATF,2018-01-22T03:47:20Z,2018-01-22T04:40:40Z
2018-01-23T02:06:00Z,2018-01-23T08:30:00Z,2018-01-23,-23.06777778,13.36666667,ATF,2018-01-23T03:47:35Z,2018-01-23T04:40:56Z
2018-02-16T04:30:00Z,2018-02-16T06:40:00Z,2018-02-16,-24.6358333,13.76916667,ATF,2018-02-16T04:02:13Z,2018-02-16T04:53:35Z
2018-02-17T01:52:00Z,2018-02-17T04:30:00Z,2018-02-17,-24.63444444,13.78361111,ATF,2018-02-17T04:02:54Z,2018-02-17T04:54:09Z
2018-02-18T01:51:00Z,2018-02-18T04:08:00Z,2018-02-18,-24.81888889,13.75083333,ATF,2018-02-18T04:03:28Z,2018-02-18T04:54:42Z
2018-02-19T02:04:00Z,2018-02-19T04:20:00Z,2018-02-19,-25.1,13.70194444,ATF,2018-02-19T04:03:57Z,2018-02-19T04:55:13Z
2018-02-20T02:00:00Z,2018-02-20T04:55:00Z,2018-02-20,-24.85111111,13.73333333,ATF,2018-02-20T04:04:54Z,2018-02-20T04:55:57Z
2018-03-20T02:00:00Z,2018-03-20T04:00:00Z,2018-03-20,-23.35222222,13.36805556,ATF,2018-03-20T04:22:38Z,2018-03-20T05:11:22Z
2018-03-21T02:00:00Z,2018-03-21T04:00:00Z,2018-03-21,-23.48361111,13.33555556,ATF,2018-03-21T04:23:06Z,2018-03-21T05:11:52Z
2018-03-22T02:00:00Z,2018-03-22T03:25:00Z,2018-03-22,-23.23555556,13.38388889,ATF,2018-03-22T04:23:23Z,2018-03-22T05:12:03Z
2018-05-11T01:20:00Z,2018-05-11T04:00:00Z,2018-05-11,-23.3,13.11,ATF,2018-05-11T04:42:31Z,2018-05-11T05:33:19Z
2018-05-12T01:15:00Z,2018-05-12T04:00:00Z,2018-05-12,-22.44,13.7,ATF,2018-05-12T04:39:34Z,2018-05-12T05:30:07Z
2018-05-13T01:30:00Z,2018-05-13T04:10:00Z,2018-05-13,-22.47,13.6,ATF,2018-05-13T04:40:23Z,2018-05-13T05:31:01Z
2018-05-14T04:50:00Z,2018-05-14T06:00:00Z,2018-05-14,-21.22,12.43,ATF,2018-05-14T04:43:57Z,2018-05-14T05:34:13Z
2018-05-15T01:45:00Z,2018-05-15T04:10:00Z,2018-05-15,-21.16,12.42,ATF,2018-05-15T04:44:17Z,2018-05-15T05:34:36Z
2018-06-04T02:00:00Z,2018-06-04T03:00:00Z,2018-06-04,-22.161,12.557,ATF,2018-06-04T04:52:21Z,2018-06-04T05:44:16Z
2018-06-05T02:00:00Z,2018-06-05T03:00:00Z,2018-06-05,-22.006,12.565,ATF,2018-06-05T04:52:25Z,2018-06-05T05:44:19Z
2018-06-06T01:55:00Z,2018-06-06T03:21:00Z,2018-06-06,-21.57,12.11,ATF,2018-06-06T04:53:53Z,2018-06-06T05:45:40Z
2018-06-07T05:45:00Z,2018-06-07T07:00:00Z,2018-06-07,-21,12.43,ATF,2018-06-07T04:52:03Z,2018-06-07T05:43:39Z
2018-06-08T05:44:00Z,2018-06-08T10:30:00Z,2018-06-08,-20.55,12.409,ATF,2018-06-08T04:51:44Z,2018-06-08T05:43:13Z
2018-06-09T19:10:00Z,2018-06-09T20:10:00Z,2018-06-09,-20.485,12.376,ATF,2018-06-09T04:52:04Z,2018-06-09T05:43:34Z
2018-07-05T08:00:00Z,2018-07-05T12:45:00Z,2018-07-05,-20.347,12.178,ATF,2018-07-05T04:57:30Z,2018-07-05T05:48:54Z
2018-07-06T03:25:00Z,2018-07-06T05:55:00Z,2018-07-06,-19.24,11.491,ATF,2018-07-06T04:58:34Z,2018-07-06T05:49:34Z
2018-07-07T03:10:00Z,2018-07-07T05:32:00Z,2018-07-07,-19.189,11.463,ATF,2018-07-07T04:58:38Z,2018-07-07T05:49:34Z
2018-07-08T02:55:00Z,2018-07-08T05:10:00Z,2018-07-08,-19.307,11.526,ATF,2018-07-08T04:58:35Z,2018-07-08T05:49:31Z
2018-07-09T03:40:00Z,2018-07-09T05:30:00Z,2018-07-09,-19.135,11.912,ATF,2018-07-09T04:56:47Z,2018-07-09T05:47:37Z
2018-07-10T03:45:00Z,2018-07-10T05:50:00Z,2018-07-10,-19.109,11.418,ATF,2018-07-10T04:58:42Z,2018-07-10T05:49:29Z
2018-07-11T01:20:00Z,2018-07-11T02:40:00Z,2018-07-11,-19.107,11.918,ATF,2018-07-11T04:56:40Z,2018-07-11T05:47:25Z
2018-08-11T02:15:00Z,2018-08-11T04:30:00Z,2018-08-11,-24.098,13.38,ATF,2018-08-11T04:46:57Z,2018-08-11T05:37:23Z
2018-08-12T03:00:00Z,2018-08-12T04:00:00Z,2018-08-12,-24.278,13.474,ATF,2018-08-12T04:46:05Z,2018-08-12T05:36:31Z
2018-08-13T03:30:00Z,2018-08-13T05:59:00Z,2018-08-13,-24.169,13.309,ATF,2018-08-13T04:45:59Z,2018-08-13T05:36:18Z
2018-08-14T02:08:00Z,2018-08-14T04:05:00Z,2018-08-14,-24.072,13.335,ATF,2018-08-14T04:45:07Z,2018-08-14T05:35:20Z
2018-08-15T03:45:00Z,2018-08-15T05:00:00Z,2018-08-15,-23.319,13.154,ATF,2018-08-15T04:44:33Z,2018-08-15T05:34:24Z
2018-08-16T02:35:00Z,2018-08-16T05:00:00Z,2018-08-16,-22.597,13.193,ATF,2018-08-16T04:43:08Z,2018-08-16T05:32:40Z
2018-08-23T03:25:00Z,2018-08-23T05:45:00Z,2018-08-23,-22.492,13.182,ATF,2018-08-23T04:37:59Z,2018-08-23T05:27:04Z
2018-08-24T02:45:00Z,2018-08-24T04:45:00Z,2018-08-24,-22.501,13.189,ATF,2018-08-24T04:37:11Z,2018-08-24T05:26:12Z
2018-08-25T02:15:00Z,2018-08-25T04:35:00Z,2018-08-25,-22.505,13.175,ATF,2018-08-25T04:36:26Z,2018-08-25T05:25:25Z
2018-08-26T03:15:00Z,2018-08-26T05:35:00Z,2018-08-26,-22.438,13.146,ATF,2018-08-26T04:35:42Z,2018-08-26T05:24:37Z
2018-08-27T02:15:00Z,2018-08-27T04:45:00Z,2018-08-27,-22.458,13.155,ATF,2018-08-27T04:34:51Z,2018-08-27T05:23:43Z
2018-08-28T02:20:00Z,2018-08-28T03:45:00Z,2018-08-28,-22.503,13.16,ATF,2018-08-28T04:34:01Z,2018-08-28T05:22:51Z
2018-09-22T02:10:00Z,2018-09-22T04:30:00Z,2018-09-22,-21.247,12.51,ATF,2018-09-22T04:13:07Z,2018-09-22T05:01:05Z
2018-09-23T02:00:00Z,2018-09-23T04:30:00Z,2018-09-23,-21.135,12.509,ATF,2018-09-23T04:12:11Z,2018-09-23T05:00:07Z
2018-09-24T02:00:00Z,2018-09-24T04:30:00Z,2018-09-24,-21.004,12.488,ATF,2018-09-24T04:11:20Z,2018-09-24T04:59:15Z
2018-09-25T02:00:00Z,2018-09-25T05:00:00Z,2018-09-25,-20.46,12.423,ATF,2018-09-25T04:10:50Z,2018-09-25T04:58:36Z
2018-09-26T02:00:00Z,2018-09-26T04:40:00Z,2018-09-26,-20.428,12.4,ATF,2018-09-26T04:09:59Z,2018-09-26T04:57:45Z
2018-09-27T02:50:00Z,2018-09-27T05:20:00Z,2018-09-27,-20.058,12.037,ATF,2018-09-27T04:10:38Z,2018-09-27T04:58:19Z
2018-09-28T02:50:00Z,2018-09-28T05:20:00Z,2018-09-28,-20.285,12.139,ATF,2018-09-28T04:09:10Z,2018-09-28T04:56:57Z
2018-09-29T04:30:00Z,2018-09-29T06:00:00Z,2018-09-29,-21.168,12.487,ATF,2018-09-29T04:06:21Z,2018-09-29T04:54:27Z
